metric,r_rb_real_vs_shuf_gt,p_fdr_real_vs_shuf_gt,r_rb_real_vs_shuf_dpt,p_fdr_real_vs_shuf_dpt,r_rb_real_vs_shuf_artalk,p_fdr_real_vs_shuf_artalk,r_rb_dpt_vs_artalk,p_fdr_dpt_vs_artalk,r_rb_dpt_vs_gt,p_fdr_dpt_vs_gt,r_rb_artalk_vs_gt,p_fdr_artalk_vs_gt
lve,,,,,,,0.6919748773398083,1.832070925490392e-126,,,,
fdd,,,,,,,-0.2872483584186776,1.6769906152101398e-22,,,,
mod,,,,,,,0.2118340545611062,1.1042930051419242e-12,,,,
bas_omega,,,0.4034611212550521,1.342137961992342e-44,0.5182795532891461,3.007156123727919e-72,-0.18069708819566954,1.2339593202002249e-09,,,,
bas_alpha,,,0.4708908353245911,4.805880285750989e-60,0.494086446965632,6.635670745652676e-66,-0.04540067709197874,0.15882419031186482,,,,
bas_jerk,,,0.49670371242506245,1.4275771186890095e-66,0.47455500696779374,6.083452753859485e-61,0.06291551019305228,0.043232431014251504,,,,
pbas_omega_pitch_accent,0.3604792915626001,5.4915110097317956e-36,0.37144246841331174,4.3049829643156265e-38,0.4041497940544067,9.836888624618976e-45,0.03122812018351982,0.30540295801270206,0.05699753037960192,0.05024914708424357,0.04241033704749911,0.14148474036432893
pbas_omega_onset,0.603948211648664,2.704476313436454e-97,0.6650502414601098,1.6804231622296515e-117,0.7175070885473194,6.151633798905176e-136,-0.09210558904296191,0.00249005044131857,0.12613194141303438,1.4269838079460179e-05,0.21864232044506776,6.313606698789293e-14
pbas_omega_energy,0.5168558844079691,6.774394928173711e-72,0.6193569556338763,2.7278386549365897e-102,0.6094175233257029,3.917998261564363e-99,0.14547577883496937,1.3278293596258287e-06,0.23101821322757712,2.280281485800923e-15,0.0973678589008907,0.000825949017528642
pbas_omega_prominence,0.4987527456195546,4.299354773675809e-67,0.5814135549645048,2.0367922065670195e-90,0.5535717180919439,3.731554841538927e-82,0.11618921266780376,0.00014155879333837393,0.197916763413796,9.490367477298676e-12,0.07355722940988894,0.011615372042220944
pbas_alpha_pitch_accent,0.38760929399457245,2.6348363213815365e-41,0.4498091094734973,5.6286358482642785e-55,0.4548135680894348,3.7286548453372274e-56,0.037774833859422444,0.2447200234269283,0.20445357214897472,2.176863487934938e-12,0.18333991431484195,2.922642471848815e-10
pbas_alpha_onset,0.6361279370703969,9.979873703771003e-108,0.6945662168312142,1.1661204674278817e-127,0.6634269609070866,6.639970745932323e-117,0.08039779265836498,0.00860599000740097,0.21782809660471755,7.246406690767939e-14,0.13656515183881465,2.6753199550402964e-06
pbas_alpha_energy,0.5550031075201989,1.496369876708787e-82,0.6994360140359546,1.6071883972380383e-129,0.673278800535806,2.3944816563740074e-120,0.10037088979495801,0.0010324638127370434,0.3520465500747662,1.8558827117646362e-33,0.25475763683139996,2.4250120919021604e-18
pbas_alpha_prominence,0.5179244081235597,3.607326151799519e-72,0.6496384853830742,2.708220994224588e-112,0.642154187045694,8.704978758596387e-110,0.03150086530632463,0.30540295801270206,0.26714591324646214,5.285278012217002e-20,0.2337905989653475,1.1402175446328632e-15
pbas_jerk_pitch_accent,0.3845087222880613,1.0983351397248323e-40,0.4293110569814977,3.0324389534033534e-50,0.46827048164632945,2.069589650466704e-59,0.03062064496734042,0.30540295801270206,0.20737724133043303,1.1158602824514635e-12,0.1765486529237081,1.242977687006633e-09
pbas_jerk_onset,0.6173527016124363,1.1497742192703402e-101,0.6914274905519805,9.652907785818577e-127,0.7376118031723728,3.1754308308416877e-143,-0.01806849387164984,0.5304126507236844,0.3062766441594145,8.230927614265952e-26,0.3079886813598467,5.211122263540281e-26
pbas_jerk_energy,0.5368690865434724,2.187454370125082e-77,0.7210658987295839,3.4434305175849473e-137,0.7146640210925346,4.4575731316490315e-135,0.20127272783561967,1.2492705617166825e-11,0.4809462333633636,3.1737394594502634e-61,0.3232159055376509,1.892117022343245e-28
pbas_jerk_prominence,0.5115796625348872,1.7428473519144767e-70,0.661083424371451,3.370825716195463e-116,0.6735057846198982,2.239171043750298e-120,0.09999938081837235,0.0010324638127370434,0.36633571408669163,5.4979269517431805e-36,0.2810836916847003,5.741290453224753e-22
