video_id,language,source,confidence,agreement_rate,n_clips,runner_up_language,is_ambiguous
--Y9imYnfBw,en,rep,0.9753,,3,,0
-7TMJtnhiPM,en,rep,0.9961,,25,,0
-A0jrCGS_TE,en,rep,0.9946,,48,,0
-B1Z9vrjpgg,en,rep,0.9941,,16,,0
-B9PTg7XynE,en,rep,0.9674,,9,,0
-BNR218UFX4,en,rep,0.9820,,31,,0
-DiIOp80LOo,en,rep,0.9990,,3,,0
-FbPk4SmV0M,en,rep,0.9248,,13,,0
-GZFS7r2GJ0,fr,rep,0.9188,,5,,0
-II0hSGU52I,cy,rep,0.8488,,3,,0
-KBiHKx54sg,en,rep,0.9989,,43,,0
-KL3wSSFx10,en,rep,0.7494,,29,,0
-UrrtxGsmoU,en,rep,0.9958,,58,,0
-acp9Dk7Ve4,en,rep,0.9645,,45,,0
-axp0KRQJYc,ja,rep,0.9600,,27,,0
-ayP3gFLy9s,en,rep,0.9850,,9,,0
-dvajjXM2dg,en,rep,0.7389,,4,,0
-dxGq0Mu0oY,en,rep,0.9868,,7,,0
-gnJtZFyzZA,pt,rep,0.8227,,10,,0
-hLsqlKm-A4,en,rep,0.9913,,5,,0
-mingboa4sM,en,rep,0.9656,,2,,0
-n-HQiT-mkw,en,rep,0.9489,,6,,0
-qsTrNdfd1w,en,rep,0.9466,,51,,0
-r-ckuF3JSg,ur,rep,0.6488,,1,,0
-yhJf04a1mI,en,rep,0.9953,,1,,0
-zqAjBpG0Jw,en,rep,0.8791,,22,,0
0-FQbhkWYuY,en,rep,0.9791,,3,,0
04-JxYnzcq0,en,rep,0.9691,,2,,0
04BN6UOVKOM,en,rep,0.9953,,50,,0
04WJEEb33CY,en,rep,0.9619,,5,,0
0B5ojfWryqA,en,rep,0.9948,,70,,0
0H-cSZFZq_4,en,rep,0.9979,,23,,0
0NLQfXOo0dM,fr,rep,0.9852,,42,,0
0OaM12UIeVA,en,rep,0.9967,,35,,0
0OzxymzEo-A,es,rep,0.9744,,17,,0
0P-9yxO2df4,en,rep,0.9880,,2,,0
0PtUxdA35Zs,en,rep,0.9985,,1,,0
0RQl9e11aeE,en,rep,0.9763,,2,,0
0SKHozldsNM,en,rep,0.9998,,20,,0
0S_QNLx2S7E,cy,rep,0.8879,,1,,0
0X6ZN_eRaSI,en,rep,0.8739,,5,,0
0_Jci9-d2VY,en,rep,0.9988,,2,,0
0_udiqKlYuU,en,rep,0.9995,,10,,0
0aiKZGqjvL4,en,rep,0.9897,,104,,0
0beHbJDqlOs,cy,rep,0.9793,,12,,0
0ez7IiBfCGE,en,exhaustive,0.7856,0.5000,2,cy,0
0hhbwkQ06EI,en,rep,0.9942,,10,,0
0hmQbZUYG4o,en,rep,0.9977,,6,,0
0kLlrDNq9RA,en,rep,0.9922,,1,,0
0lOkJkh2Hwg,en,rep,0.6501,,1,,0
0oE11MGQRZM,en,rep,0.9952,,58,,0
0rZJhc1FeU4,en,rep,0.9897,,5,,0
0t9j7CfXTcM,en,rep,0.9984,,44,,0
0uGzSXRi7qQ,en,rep,0.9963,,2,,0
13FSE5dCvvM,en,rep,0.9830,,2,,0
1653Kz-SnxA,en,rep,0.8239,,20,,0
16uK2Gbyk2k,ht,rep,0.7904,,2,,0
18Kl4qkvGUU,fr,rep,0.4608,,14,,0
18Ts-YxUIts,en,rep,0.9977,,2,,0
19baUOGVR2M,en,rep,0.9976,,7,,0
1ADqe6vt0xE,en,rep,0.9989,,15,,0
1BQNyk_BgDQ,en,rep,0.7607,,3,,0
1C7do4tIrfo,en,rep,0.9993,,40,,0
1FBVcxb4PQA,en,rep,0.5768,,3,,0
1FmSxmpitBA,en,rep,0.9858,,12,,0
1HIHu4mxDLE,en,rep,0.9390,,2,,0
1JSocaAw--A,en,rep,0.9885,,4,,0
1O3ghiyirvU,en,rep,0.9945,,69,,0
1OUkXFsyyP0,cy,rep,0.5172,,13,,0
1R5dPw4sYrE,en,rep,0.9867,,8,,0
1UHlG0puRUM,en,exhaustive,0.4756,0.5000,14,ru,0
1WOs6S0VrlA,en,rep,0.9948,,51,,0
1bMYn6Vb-Mk,en,rep,0.9897,,63,,0
1bwUe85Mg4U,en,rep,0.9807,,2,,0
1h3J3fDsupc,en,rep,0.9863,,5,,0
1hd5majTxeQ,sl,exhaustive,0.4182,0.7273,11,en,0
1i8607wMy68,en,rep,0.9970,,116,,0
1iXuJgqZhik,it,exhaustive,0.9488,0.6364,11,en,0
1izPOehU6zA,en,rep,0.6926,,47,,0
1oPgMsUmC6Y,en,rep,0.9682,,2,,0
1wKWC0EzK_s,en,rep,0.9640,,9,,0
1wsOU17LXTU,en,rep,0.9673,,3,,0
1yHWhXaXxFk,en,exhaustive,0.8916,0.8846,26,da,0
1yP_MElLiKM,en,rep,0.9914,,9,,0
1z2ZTPZEx1E,tr,rep,0.9722,,40,,0
1z8sqW5xIrA,te,rep,0.9933,,116,,0
2250kOXVaGE,en,rep,0.7531,,8,,0
22AUNaHGGz8,en,rep,0.9972,,11,,0
22tF3y_epZs,en,rep,0.9875,,8,,0
23eZ2Hjh3gY,en,rep,0.9947,,3,,0
264aaUUvB9U,en,rep,0.9974,,7,,0
2CQgBtUJNBc,en,rep,0.9926,,19,,0
2CRIlwxj6uo,en,rep,0.9999,,48,,0
2DXm-gBAbDQ,en,rep,0.9858,,34,,0
2EgGqTDAiC4,hi,rep,0.9554,,2,,0
2HPH4qtE95k,en,rep,0.9921,,2,,0
2KTA78QK5-A,en,rep,0.9914,,6,,0
2LdAF2dHHFU,en,rep,0.9780,,1,,0
2NV_nn8apOA,en,rep,0.9941,,12,,0
2ObBpwabNmg,en,rep,0.9999,,8,,0
2OfVzz2aZ8c,en,rep,0.7872,,3,,0
2PejNMim-YQ,en,rep,0.9970,,32,,0
2R3GNE3ob-4,en,rep,0.9979,,22,,0
2Rtp8zWE6nQ,en,rep,0.9994,,45,,0
2VdwqgI2l2o,en,rep,0.9698,,94,,0
2bAuuK1uU1M,en,rep,0.9962,,1,,0
2d9BcdLC4dA,en,rep,0.9942,,3,,0
2e6a4eog8jc,en,rep,0.9982,,7,,0
2eZgkkbNq54,en,exhaustive,0.7285,0.7500,4,cy,0
2eaxjEpQPkk,en,rep,0.9977,,9,,0
2gIkmyxa2ds,en,rep,0.9956,,27,,0
2gMaIjvjCFo,en,rep,0.9951,,1,,0
2mLsOuOve8k,en,rep,0.9152,,1,,0
2nhDjEnUslE,en,rep,0.9988,,2,,0
2nj6tpVKUxQ,ko,rep,0.9750,,21,,0
2rxU553pKgs,en,rep,0.9966,,2,,0
30QwIdz8Vjc,en,rep,0.8132,,15,,0
39Axc3FIu9A,en,rep,0.9993,,40,,0
3AoYXlMCioI,en,rep,0.9945,,24,,0
3BkL0UXgNDs,cy,rep,0.6089,,31,,0
3C0T230n-mo,en,rep,0.9991,,2,,0
3EFiRh-y4L0,en,rep,0.9938,,19,,0
3EJtdIIh43s,en,rep,0.9496,,165,,0
3EYU3VTI3IU,en,rep,0.9973,,16,,0
3GUcVRz_JyA,ko,rep,0.9466,,1,,0
3KNGPFM4d6c,en,rep,0.9990,,23,,0
3NJN-C1R9gA,en,rep,0.9969,,92,,0
3RITVJy7ogI,en,rep,0.9927,,62,,0
3Tyan5xgQ4Y,en,rep,0.9985,,29,,0
3UYOtcC00L4,en,rep,0.9982,,9,,0
3Yepui-bWyw,te,rep,0.9991,,31,,0
3ZLYs6Wj51s,en,rep,0.9981,,49,,0
3ZQL-3ElxpY,en,rep,0.9515,,1,,0
3ZlXiEZb3k0,hi,rep,0.6828,,5,,0
3_celBcyBJE,en,rep,0.9966,,1,,0
3gCA0Z4y7wA,en,rep,0.9970,,1,,0
3jESlqRuLw0,en,rep,0.6694,,9,,0
3lpnoDrt5Tw,en,rep,0.9069,,2,,0
3nJexBvb5UY,en,rep,0.8489,,1,,0
3oV_cljdDs8,en,rep,0.8545,,22,,0
3pIR5nfFNQM,en,rep,0.9856,,2,,0
3qBW_x5fatI,en,rep,0.7571,,3,,0
3v1tt9mD6cg,en,rep,0.9867,,12,,0
3vudNvflufc,en,rep,0.9970,,1,,0
3ytLt3BDqFU,en,rep,0.9999,,50,,0
3zhCbaVBEjg,en,rep,0.9824,,5,,0
43wXnwHo_qU,en,rep,0.9970,,10,,0
465Wt-eX2RY,en,exhaustive,0.7108,0.7302,63,cy,0
47OtSe4dffo,en,rep,0.9951,,8,,0
4Hg2Eu-F9mU,nl,rep,0.9769,,2,,0
4NXUGnLbl5Y,en,rep,0.9986,,2,,0
4R4aN98Qrbo,en,rep,0.9977,,2,,0
4RN-c0HdJOI,en,rep,0.9363,,1,,0
4cz4pq_N--g,ja,exhaustive,0.4374,0.5556,9,en,0
4gxMVLXmBiE,ne,rep,0.6718,,1,,0
4kR-Fev28po,en,rep,0.9924,,10,,0
4lB_x0kLffU,en,rep,0.9963,,1,,0
4lOnYQCxbOM,hi,rep,0.7953,,1,,0
4oXZCuXwrXo,en,rep,0.9971,,3,,0
4udsKgSP7UA,en,rep,0.9673,,7,,0
4ujhmvsSE9c,en,rep,0.9885,,2,,0
4x234xeqtHg,en,rep,0.9627,,19,,0
4zzVjonyHcQ,en,rep,0.9893,,29,,0
50zJWKotPP4,en,rep,0.9964,,15,,0
58GcsaJhTzM,en,rep,0.9943,,17,,0
58K7XpkuMCM,ja,rep,0.9782,,14,,0
5OXy29bFfPk,en,rep,0.9972,,45,,0
5PGVFUADgGY,en,rep,0.9975,,6,,0
5TfPoq3lkso,bn,rep,0.9448,,7,,0
5Yz7ssYCa8Y,en,rep,0.9983,,19,,0
5dsxC8M7vCM,en,rep,0.9985,,35,,0
5kas2jBObUY,en,rep,0.9995,,4,,0
5l2j8k759-4,en,rep,0.9647,,24,,0
5leH4t1V9LY,en,rep,0.9844,,6,,0
5llwjtJDqMo,en,rep,0.6848,,92,,0
5meC4Z61qGg,en,rep,0.9946,,8,,0
5qaBD538C9k,hi,rep,0.9443,,8,,0
5s9UdpT0TOo,en,rep,0.9970,,3,,0
5shU5ZVQuEc,en,rep,0.9592,,106,,0
5t4cwPdsVgQ,en,rep,0.9957,,28,,0
5u-Aw6NOIy0,en,rep,0.9743,,100,,0
5yZEtG_r-wI,ur,rep,0.8644,,52,,0
6-O4gWLQkgk,cy,rep,0.8842,,20,,0
60bkwhHzols,en,rep,0.7931,,15,,0
60dSEN1RIbE,en,rep,0.9859,,8,,0
62OgF2Pw09o,en,rep,0.9998,,8,,0
63stDIiwraM,en,rep,0.9968,,7,,0
681IyvC_JAg,en,rep,0.3714,,1,,0
685CK3xr0jg,en,rep,0.9974,,40,,0
6CIMXUDzKtQ,en,rep,0.9968,,97,,0
6CS50XMGV0o,ja,exhaustive,0.9726,0.7500,4,en,0
6Fd-CsvZQX8,en,rep,0.9912,,9,,0
6IA7AuXVSxQ,en,rep,0.9924,,3,,0
6IdeRRqG1ak,en,rep,0.9893,,235,,0
6JIUlIwX3Pw,en,rep,0.9708,,34,,0
6KKDqqV8OUk,en,rep,0.9996,,49,,0
6MhEveLVeO4,en,rep,0.9582,,36,,0
6Nyz_yd_GJw,en,rep,0.9964,,11,,0
6R08SayU3bU,en,rep,0.2342,,1,,0
6SsIE00duz0,en,rep,0.9667,,6,,0
6T5iJ6TjWj0,en,rep,0.9970,,1,,0
6VVCVtxeq1g,en,rep,0.7188,,1,,0
6YBDqpgpVck,en,rep,0.9992,,7,,0
6aAa8M4vg2k,en,rep,0.9813,,4,,0
6bm6Y9TaX1w,en,rep,0.9960,,5,,0
6bnxY8W5otQ,en,rep,0.5908,,19,,0
6frz5TaAIto,en,rep,0.9124,,17,,0
6iXGqEq_cpI,en,rep,0.9405,,20,,0
6lzxVmBJIlk,cy,rep,0.8247,,19,,0
6mL4rjxEnbo,en,rep,0.9995,,17,,0
6nDOJdyJDk0,en,rep,0.9765,,1,,0
6nPPyCrkwSE,en,rep,0.7003,,3,,0
6p6boxrvbZk,es,rep,0.9582,,11,,0
6pCBqmPozE4,en,rep,0.9990,,1,,0
6ptI5B4a-ag,en,rep,0.9995,,17,,0
6tx3pU5F1x8,en,rep,0.9996,,4,,0
6yt3pqCQn6s,en,rep,0.9642,,60,,0
7-AfS9rehcM,fr,rep,0.9892,,19,,0
7-ByRppD-EE,en,rep,0.8390,,3,,0
7-QzoS-dW-c,en,rep,0.9924,,1,,0
702SXH0JdaQ,en,rep,0.9827,,14,,0
75mMPO0x4Gs,en,rep,0.9944,,7,,0
78UIF4JCcYc,en,rep,0.9983,,26,,0
7DJdGbYHll4,en,rep,0.9929,,2,,0
7ONrAflL5Oc,en,rep,0.9781,,6,,0
7PQ0QmUGpvw,en,rep,0.9413,,181,,0
7Rgh8v8Qmzg,ar,rep,0.9437,,1,,0
7STjD4eWMs8,en,rep,0.9644,,9,,0
7UQMqOkGD8M,ta,rep,0.9830,,10,,0
7bAPKKE_tzA,hi,rep,0.8782,,6,,0
7c7ccOHMK8o,en,rep,0.9984,,32,,0
7dLu8wqYpJw,tr,rep,0.4821,,21,,0
7dmNo3X-Lus,en,rep,0.6853,,2,,0
7flG_V2SHc0,en,rep,0.9803,,1,,0
7hHOLdgvG-4,en,rep,0.9978,,3,,0
7mHwsV3Mb-Y,en,rep,0.9955,,65,,0
7oKjW1OIjuw,en,rep,0.9988,,4,,0
7pg_Dgs0wUU,en,rep,0.9807,,37,,0
7zWswXer8i4,en,rep,0.9996,,1,,0
8-RmR1XmaxE,en,rep,0.9991,,2,,0
829gaOsl7Z8,en,rep,0.9976,,1,,0
8CTEl-Zhv38,en,exhaustive,0.8387,0.7500,4,mi,0
8HbsSkuiPmg,es,rep,0.9065,,2,,0
8J6FseCtEXc,ko,rep,0.3659,,1,,0
8JtWrFwQ-h0,en,rep,0.9782,,2,,0
8Kux1TQWdLU,en,rep,0.9991,,15,,0
8N-x9QC50m0,en,rep,0.9766,,6,,0
8NJ74aVTZMc,en,rep,0.9834,,25,,0
8P3rViI8Xw8,en,rep,0.9992,,24,,0
8SIWlQ0ZUqY,en,rep,0.9991,,17,,0
8ToIwnP2a-g,en,rep,0.9960,,15,,0
8TunLMoE9Xw,nn,rep,0.8873,,9,,0
8WfV93go5TM,en,rep,0.9968,,121,,0
8XlrNlfd-9M,en,rep,0.9993,,6,,0
8_yb_nW5x6I,en,rep,0.9980,,10,,0
8aafXYh_gHA,en,rep,0.9953,,3,,0
8bQPi0ssTLw,en,rep,0.9973,,54,,0
8gg-oKufUo4,en,rep,0.9350,,15,,0
8gtpnlVb31U,en,rep,0.9963,,82,,0
8lrlXoXGQo0,cy,rep,0.7820,,22,,0
8vzKZVqXmo4,en,rep,0.9874,,9,,0
9-EtiWDJbJw,en,rep,0.9951,,24,,0
91Zu4JRnfxc,en,rep,0.8828,,48,,0
91z62p7t-AU,en,rep,0.5875,,1,,0
95hYfRw1aHA,en,rep,0.9863,,24,,0
95zvFw1VkqQ,en,rep,0.9972,,1,,0
9Dm1Sekkcdw,en,rep,0.9732,,2,,0
9G4s_qIxJYk,cy,rep,0.9573,,2,,0
9IGRsXq9Wis,en,rep,0.9960,,1,,0
9ITi5C8vHpw,ja,rep,0.9812,,1,,0
9JJ3ullABD8,nn,rep,0.2751,,11,,0
9K4A7e3clMM,en,rep,0.9673,,64,,0
9QeqkUN0bNU,ja,rep,0.9819,,16,,0
9S9O2T1B6xE,en,rep,0.9053,,12,,0
9UaAyI-uI30,cy,rep,0.9715,,9,,0
9Wb409Nlhlw,en,rep,0.5398,,87,,0
9Zb8e6nE5QI,en,rep,0.9978,,32,,0
9Zuk9Huqdrg,en,exhaustive,0.9273,0.9500,20,cy,0
9_VLbfRXTss,en,rep,0.8215,,4,,0
9c7zctYTBLA,en,rep,0.9984,,10,,0
9eHXo_KFvJ0,en,rep,0.5974,,11,,0
9kUljb9G-MY,en,rep,0.9977,,148,,0
9mAiyn6gMJw,en,rep,0.9992,,11,,0
9n7hn-M4GpI,en,rep,0.9031,,109,,0
9p8z1A3TsxU,en,rep,0.9858,,20,,0
9r8yZ-68pkY,en,rep,0.9988,,84,,0
9t7ujBSH3WM,en,rep,0.9986,,4,,0
9ydusnvBSys,en,rep,0.9976,,1,,0
A-QOg-tFApA,fa,rep,0.9484,,6,,0
A0AViKj8EGk,en,rep,0.9957,,17,,0
A2B-b-nfCqk,en,rep,0.9357,,4,,0
A2DdRsUdFeU,en,rep,0.7596,,51,,0
A2lEI0kaf3k,en,rep,0.9888,,2,,0
A3uNIgDmqwI,en,rep,0.2800,,19,,0
A6xjN8BqDjk,en,rep,0.9998,,14,,0
ACsoFzXDE3Q,en,rep,0.9992,,7,,0
ADQSqUBZjvE,en,exhaustive,0.7498,0.9697,33,cy,0
AHKGGtJ15o8,en,rep,0.9097,,45,,0
AIXQngEnJgY,en,rep,0.9966,,80,,0
AKkYU-fExWc,en,rep,0.9800,,97,,0
AL1pISpcG2Q,en,rep,0.9961,,6,,0
AQe2ANirwW4,en,rep,0.7972,,1,,0
AQuAGO9ceIU,en,rep,0.9863,,2,,0
AVc5fXa0oMs,pl,rep,0.9947,,1,,0
AXfRrHD4Cps,en,rep,0.9865,,3,,0
Ac8Fsu0WVKg,en,rep,0.4397,,47,,0
AccPbM4JhFI,en,exhaustive,0.9344,0.5714,7,ja,0
Ad5je4UNgDw,en,rep,0.9970,,2,,0
Adgif4D3ujk,en,rep,0.9973,,2,,0
AfZNZ3bfJvA,en,rep,0.9978,,19,,0
AglvA1tduMA,en,rep,0.7390,,9,,0
AkU94JdXbQ0,en,rep,0.9968,,9,,0
AnxrJiS5uKU,hi,exhaustive,0.7161,0.8571,7,ur,0
Aqu7R_7vFKM,en,rep,0.5825,,4,,0
AuLoMmjFONE,en,exhaustive,0.6980,0.5000,6,he,0
AwvReatHB2g,fr,rep,0.9702,,3,,0
AygCTeXnJ6o,en,rep,0.9727,,3,,0
AzECoalJ4WU,en,rep,0.9981,,34,,0
AziRcPo6rm0,en,rep,0.9775,,2,,0
B5uSsp0Rbbc,en,rep,0.9974,,23,,0
B7HzMw9rSMs,en,rep,0.9640,,44,,0
BAj3fHStRGI,en,rep,0.9792,,19,,0
BB4bpEKrOlM,en,rep,0.9979,,31,,0
BDLtYpLZfbU,en,rep,0.9983,,16,,0
BErluP3jDjw,en,rep,0.9716,,228,,0
BF7hcsKb1WA,en,rep,0.9980,,8,,0
BFat39XKT2E,en,exhaustive,0.6871,0.6250,8,ms,0
BFoqBnl5XNw,en,exhaustive,0.7671,0.8333,12,cy,0
BGJuAODr8Ks,en,rep,0.9987,,2,,0
BH7-eZYnJkE,es,rep,0.9275,,6,,0
BK1VxSDsCu8,en,exhaustive,0.6644,0.5000,8,cy,0
BLcZAhQzQF0,en,rep,0.9969,,1,,0
BM2mqrIXY2w,en,rep,0.9936,,21,,0
BNgmYFwUjjw,en,rep,0.9993,,5,,0
BNyCZJOTRZA,cy,rep,0.9607,,44,,0
BUouNsjhTTc,en,rep,0.9995,,14,,0
BXT72YlkQrA,en,rep,0.9973,,4,,0
BY2ADlTxdZI,en,rep,0.9529,,207,,0
BYgCS4of0TI,en,rep,0.6755,,4,,0
BYvQek24Kbs,en,rep,0.9622,,137,,0
Bb3XWac-WuM,en,rep,0.9112,,40,,0
BfdcdAIJh4g,en,rep,0.9591,,1,,0
BhEio_W1LU4,en,rep,0.9924,,31,,0
Bio8ZpEFlqY,en,rep,0.9981,,10,,0
BjrDmB15S-M,en,rep,0.9794,,18,,0
BlCoAfks8kk,en,rep,0.9990,,1,,0
BoWXd-LNnm4,en,rep,0.9901,,1,,0
BoXR8KrAfIQ,en,rep,0.9912,,7,,0
Boj9eD0Wug8,en,rep,0.9986,,29,,0
BowyM_Wlsd8,en,rep,0.9950,,22,,0
BsgJuviWgJI,en,rep,0.9936,,9,,0
Bv7wdHRhifM,en,rep,0.9568,,23,,0
Bzb0FhMqaU8,en,rep,0.9906,,1,,0
C2TLW8MS33E,en,rep,0.9858,,1,,0
C2rVYklWl8I,en,rep,0.9707,,1,,0
CFUGsvVC9mQ,en,rep,0.9652,,1,,0
CIIsZt9c8nA,en,rep,0.9924,,43,,0
CMAiUAvqIh4,en,rep,0.9831,,1,,0
CPckick_ioM,en,rep,0.9972,,183,,0
CQUP1LhDLPM,en,rep,0.9889,,13,,0
CaD5TRQQNsI,en,rep,0.9488,,23,,0
Cd4ZxGNbwTw,en,rep,0.6257,,43,,0
CfA30p4X9g4,en,rep,0.9938,,2,,0
CjnVq4zLT6s,en,rep,0.8637,,63,,0
Ckrrk5oBneA,en,rep,0.9900,,39,,0
ClVtccpCs6g,en,rep,0.9681,,44,,0
Cr0cBSpnn40,en,rep,0.9975,,56,,0
CuoCrLWcsjI,en,rep,0.9247,,19,,0
CuyAI82HFe0,en,rep,0.8745,,1,,0
Cymmi8L0O1E,cy,exhaustive,0.7437,0.6923,13,en,0
CyyImnREpbg,en,rep,0.9983,,44,,0
D0TgSpsBabY,en,rep,0.9958,,1,,0
D4T0Ffg1I_Y,ko,rep,0.9863,,3,,0
D5ZZUHKPC10,en,rep,0.5941,,1,,0
D5gW_X-Db74,en,rep,0.9895,,61,,0
D7wvFZjtVOw,ms,rep,0.3200,,1,,0
D8TFETlLRdA,en,rep,0.9928,,8,,0
D9aRZXIOX5k,en,rep,0.9970,,34,,0
DChlO5fNMGw,en,rep,0.9813,,2,,0
DFqDbrTGTnY,en,rep,0.9942,,33,,0
DKnHYcKfz6Q,en,rep,0.9987,,9,,0
DPDF4odJrq8,en,rep,0.9969,,4,,0
DRHNdWF4Kho,en,rep,0.9326,,13,,0
DSoKEFb8R_w,en,rep,0.9849,,11,,0
Ddltu_Cq4E0,hi,rep,0.9942,,23,,0
DgGKe3kCx74,en,exhaustive,0.6939,0.5714,42,hi,0
DnOLvKEYIQI,en,rep,0.9576,,1,,0
DrDOMMmwPvI,en,rep,0.9979,,39,,0
DuNW0KQ_GZM,en,rep,0.9204,,17,,0
E-hVDqrQq6M,te,rep,0.9741,,4,,0
E-qQNDCVSnk,en,rep,0.7968,,1,,0
E1QbVtkza54,en,rep,0.9990,,3,,0
E1gXzYA0tFA,en,rep,0.9946,,7,,0
E2uUfyT64VY,en,rep,0.9567,,4,,0
E7XkvbCu-jU,en,rep,0.8198,,2,,0
EAc4WhNQZ30,en,rep,0.7301,,2,,0
EB_d1jK1R44,en,rep,0.9996,,11,,0
EEq8OK4BUyM,en,exhaustive,0.4377,0.4925,67,fr,1
EH6q2YGx45M,en,rep,0.9726,,9,,0
EHp_I9ETmtQ,en,rep,0.9988,,9,,0
EJMlBT6jptE,en,rep,0.9998,,29,,0
EJZvz09LVa4,en,rep,0.8285,,2,,0
EK3WoT1Gqvs,en,rep,0.9885,,19,,0
EQLg-kHxwCA,en,rep,0.9868,,65,,0
EQ_VlFQT9hg,en,rep,0.9921,,8,,0
EUS1m5MSt9k,en,rep,0.9780,,1,,0
EVBOSk6kEwg,en,rep,0.9389,,9,,0
EWSp2QMzKv8,cy,rep,0.9833,,4,,0
EYaKFlWd2MY,en,rep,0.9521,,6,,0
EckpALTiYhE,en,rep,0.9981,,69,,0
EjB9J20nulw,en,rep,0.9960,,14,,0
EjBkTt0LHbU,en,rep,0.9840,,63,,0
EnU6HVRC4s0,fr,rep,0.3194,,17,,0
Eojazns82hw,en,rep,0.9926,,3,,0
Eoxazjg1NUA,en,rep,0.5912,,17,,0
Esu34JYC2YQ,en,rep,0.9862,,2,,0
EtctGvH92Ww,en,rep,0.9698,,9,,0
EuVBpqBgmvM,es,rep,0.8342,,3,,0
F-nsVjM7FmU,en,rep,0.5486,,5,,0
F07fXd4vVlg,hi,rep,0.9477,,29,,0
F4xgvj4kSnU,hi,rep,0.4709,,5,,0
F7oit5SKxdw,en,rep,0.9862,,26,,0
FAf0YtSelug,en,rep,0.9547,,96,,0
FBQDiiEbknE,en,rep,0.9976,,108,,0
FEc-U45TzKM,en,rep,0.9852,,1,,0
FGgMrNSmMn4,en,rep,0.9874,,28,,0
FICT79cA3U4,cy,rep,0.5871,,2,,0
FL9qpSH5eKw,en,rep,0.9991,,11,,0
FLI0WmBWWv4,sl,exhaustive,0.5624,0.7407,27,en,0
FLIippwrXSc,en,rep,0.9928,,1,,0
FNErh9EogUg,en,rep,0.9930,,1,,0
FTN_93Px-Qc,en,rep,1.0000,,15,,0
FXbC_3_8tGM,en,rep,0.9976,,29,,0
FYo5E7zT-vM,en,rep,0.9957,,3,,0
FlCNvBBqIyU,el,rep,0.8762,,5,,0
FloFzFl0jZc,en,rep,0.9994,,11,,0
FoYce_3oUGs,en,rep,0.9947,,20,,0
FxBLtp7UpTI,ta,rep,0.4396,,1,,0
FxQchGBQpZA,en,exhaustive,0.6021,0.8333,6,cy,0
FxrCNf8utsE,fi,rep,0.9893,,1,,0
FzXWP7ZHs-Q,en,rep,0.9969,,14,,0
G2tfebkUbPo,en,rep,0.9934,,48,,0
G4SMtaNDtfk,en,rep,0.9567,,19,,0
G5hOJXZmqPc,en,rep,0.9984,,125,,0
G9CHdvWwzQ0,ar,exhaustive,0.7685,0.3333,9,ur,1
GAS_7760FSo,en,rep,0.9874,,1,,0
GG0F0uXuIqQ,en,rep,0.9971,,5,,0
GLUdt99wUY8,en,rep,0.8451,,3,,0
GMndqLvTqhA,en,rep,0.9995,,39,,0
GPEavB9GXHc,en,rep,0.8346,,2,,0
GS1UT0mSks4,en,rep,0.9970,,2,,0
GUZ4T_xFtwQ,en,rep,0.9991,,5,,0
GXldrjxDZqQ,en,rep,0.9941,,6,,0
GZRbKJMEdk0,en,rep,0.9754,,3,,0
GZVxh8CQFkg,ms,rep,0.8928,,42,,0
GbUfu1wF02s,en,rep,0.9632,,2,,0
GcNJkyYSmW8,cy,rep,0.7550,,5,,0
GcayBgPOr04,en,rep,0.9601,,9,,0
Gd_zypjbv9E,en,rep,0.9048,,2,,0
GtzbWxb9nuQ,is,rep,0.7283,,61,,0
Gzo5PEGQpe8,en,rep,0.9898,,27,,0
H2LhBAi-Q8I,et,exhaustive,0.1916,0.5000,2,sq,0
H4TYEoft_rM,en,rep,0.9960,,19,,0
H6L04OEm71w,en,rep,0.9934,,76,,0
H6ODJtcqyTg,en,rep,0.8992,,30,,0
HA8PjarK2mo,en,rep,0.9807,,104,,0
HC-zhWIIC5w,en,rep,0.9895,,5,,0
HFCmCsxt1xw,en,rep,0.9960,,14,,0
HFTVP9qIMPE,en,rep,0.9806,,1,,0
HLXDpFYmyqo,bo,rep,0.7395,,9,,0
HNdh6Valoys,en,rep,0.9967,,3,,0
HOpKzDhCFtE,ka,exhaustive,0.5053,0.3000,10,en,1
HPHNakev2ss,en,exhaustive,0.2982,0.6667,3,la,0
HTJyZwYPQOI,en,rep,0.9973,,1,,0
HUoUVlK_bHI,en,rep,0.9980,,1,,0
HVMqm9jlUDM,te,rep,0.8897,,1,,0
HXSxHJO6Srg,en,rep,0.9775,,2,,0
HZuhPDbZtcg,en,rep,0.9535,,2,,0
HbKvcTZqNA0,en,rep,0.4689,,5,,0
Hg0qN4cNJfY,kn,exhaustive,0.6347,0.8333,6,ta,0
HhFPSCGRFHY,en,rep,0.9986,,46,,0
HhNo_IOPOtU,en,rep,0.9648,,3,,0
HhljUdMUbs0,fr,rep,0.9899,,1,,0
HmexkGBB428,en,rep,0.9849,,5,,0
HsGbFpi3xtk,en,rep,0.9961,,16,,0
Hy6QRP3ENl8,en,rep,0.8655,,21,,0
HztoBDblr8o,en,rep,0.9707,,5,,0
I-9uLKZmxOw,en,rep,0.9977,,1,,0
I-HFjHKJJ7E,en,rep,0.9890,,1,,0
I0lqvxqEKhU,en,rep,0.9708,,1,,0
I1fZdwFStnY,en,rep,0.6854,,3,,0
I3RMF_9xW1o,en,rep,0.9857,,46,,0
I9taZpV2JfU,en,rep,0.9930,,24,,0
IAYJhZS231s,en,rep,0.9708,,2,,0
IB6_L9xsnAo,ja,rep,0.2598,,1,,0
IGEJo3QHvSI,en,rep,0.9966,,5,,0
ILQii0-r-bE,en,rep,0.9962,,2,,0
IM1xpnkmG7o,en,rep,0.9890,,3,,0
IMEIBu0uULg,hi,rep,0.6929,,1,,0
IPPVWl-jPqk,en,rep,0.6182,,3,,0
ISip9JRbYNs,en,rep,0.9908,,27,,0
ITBbGDndjGM,en,rep,0.9965,,1,,0
ITjHgkTTX_s,en,rep,0.4195,,4,,0
IaHioK3Ljz0,en,rep,0.9829,,1,,0
IahmVXN7xEQ,mr,exhaustive,0.6498,0.7500,4,kn,0
IatKu7sngG8,en,rep,0.9959,,19,,0
If2Fw0z6uxY,en,rep,0.8632,,67,,0
IfnTz7vZyVg,en,rep,0.9986,,8,,0
InL3YA_6P6s,en,rep,0.9990,,2,,0
InSvBuHK4vI,en,rep,0.9997,,11,,0
IsMFdiLsqbg,en,rep,0.9893,,56,,0
IuuRvopzIf8,zh,rep,0.9154,,8,,0
IxYu1FAY5qc,en,exhaustive,0.9844,0.7059,17,nn,0
J1OGqF5Eo1k,en,rep,0.9971,,8,,0
J44SPYSVAAc,en,rep,0.6980,,1,,0
J4vKu-s3OqM,en,rep,0.9895,,33,,0
J78srd3-odQ,en,rep,0.9962,,1,,0
J7BLQbvZyrU,en,rep,0.9956,,13,,0
J7ei1-rYHMU,en,rep,0.8804,,92,,0
JFkqEW-sz1c,en,rep,0.8668,,3,,0
JGwMIlpgR2A,en,exhaustive,0.7179,0.7864,103,is,0
JIEgN3las5E,en,rep,0.9815,,5,,0
JIvGXG4z9X4,en,rep,0.9953,,16,,0
JKg4o6SHbCY,nn,rep,0.8962,,1,,0
JLEPOAlZ7LU,en,rep,0.7841,,7,,0
JUM_s4uQDW4,ja,rep,0.9809,,37,,0
JVSwiQ0tNLM,fr,rep,0.9867,,4,,0
JeZ5gAUnlFk,en,rep,0.8829,,3,,0
JgwRwOWyR0Y,en,rep,0.6106,,75,,0
JmWnjvHEM38,en,rep,0.9901,,4,,0
JmjxtqnhzHI,en,rep,0.9217,,72,,0
JpL__knumpM,cy,rep,0.9623,,40,,0
JrXU1owDEVs,en,rep,0.5916,,4,,0
JsFEIvtKCns,ur,rep,0.5853,,109,,0
Juen1iIJQTE,ja,rep,0.9822,,6,,0
JvpxC406_jA,en,rep,0.9983,,14,,0
JxR5EZ_GY1o,en,rep,0.9205,,1,,0
JxUqtbpjpqg,en,rep,0.9599,,18,,0
JxWjxAqCrCQ,en,rep,0.9785,,18,,0
K-FG2oWl-2k,en,rep,0.9907,,1,,0
K1hPyYEMp3s,en,rep,0.9894,,43,,0
K2POkUf2EUQ,en,rep,0.9956,,13,,0
K2QS3ZvjPMM,en,rep,0.9997,,72,,0
K2bh3ZJOFnI,ja,rep,0.9673,,3,,0
K2pUtcVSXEo,en,rep,0.9973,,3,,0
KBQRetXolA8,es,rep,0.7022,,1,,0
KCcenWMXQQ8,en,rep,0.9817,,49,,0
KD6bh5ZfS2k,en,rep,0.6209,,9,,0
KFDlZxR4yG4,en,rep,0.4720,,1,,0
KNjgy1o65SA,en,rep,0.9997,,5,,0
KP3ToVHnOZY,en,rep,0.9985,,1,,0
KQQbMdsFsdQ,en,rep,0.9927,,3,,0
KQkK8ThNsOY,en,rep,0.9915,,111,,0
KTxhy419vto,en,rep,0.9991,,32,,0
K_vUbBQzFjw,en,rep,0.9583,,2,,0
KcdTad5fztE,en,rep,0.9584,,1,,0
Kd9RcLW7knw,en,rep,0.9250,,20,,0
Khnx2cNTiu0,en,rep,0.9968,,21,,0
KjMe0TXyQzM,en,rep,0.9981,,1,,0
KmmMz3NfoU4,cy,exhaustive,0.6780,0.6667,12,en,0
KoqaUANGvpA,en,rep,0.9957,,1,,0
KqygzQmEuhA,en,rep,0.9935,,72,,0
Kr4Xe-BghFU,en,rep,0.9911,,2,,0
KrEzYXCjJDQ,en,rep,0.9918,,283,,0
KtHgPTAdfYM,en,rep,0.9974,,5,,0
KuqcVxRqQHI,en,rep,0.9736,,8,,0
KxbRf-ZlSSk,en,rep,0.9984,,29,,0
KxcNu6WZSCY,en,rep,0.9918,,24,,0
KzVzRN5XoJs,en,rep,0.9914,,7,,0
Kz_wvavZp6c,en,rep,0.9937,,33,,0
L0LZDwNDqRQ,en,rep,0.4194,,2,,0
L13WvYq8G68,en,rep,0.9956,,2,,0
L37uYJnDxVY,en,rep,0.9984,,93,,0
L5M93LmOmqw,en,rep,0.9895,,19,,0
LG8TfyiQr7w,en,rep,0.9985,,82,,0
LH0IOQrB-NU,en,rep,0.9876,,1,,0
LH1WrGpM7p8,en,rep,0.9951,,22,,0
LHFY1Vg97AQ,en,exhaustive,0.9014,0.7857,28,nn,0
LHNNYQ57V2c,en,rep,0.9979,,30,,0
LL-SFPRBBFw,ur,rep,0.8666,,17,,0
LR7ZZ5gw984,en,rep,0.9977,,32,,0
LRXrEiBeOXo,en,rep,0.9937,,11,,0
LTZPvLi3Hdc,en,rep,0.9943,,8,,0
LVYVlHr2FKU,en,rep,0.9580,,48,,0
LXAcG9mITz0,en,rep,0.9980,,1,,0
Lawz1Mc16Vo,cy,rep,0.9415,,5,,0
LbR6jjbgbis,en,rep,0.5864,,1,,0
LgT5uYkkPE4,en,rep,0.9992,,3,,0
LhF_sfDfBd4,en,rep,0.9643,,222,,0
LiCmCW6EGzA,en,rep,0.9900,,16,,0
Li_m7BVja44,en,rep,0.9867,,17,,0
LylMvKFdwJU,en,rep,0.9970,,13,,0
M76UHFsQp2U,ja,rep,0.8274,,11,,0
M8SkT5nE-0s,en,rep,0.9984,,29,,0
M8ayDH5DuJA,en,rep,0.9913,,3,,0
M9Xsci4JUy4,en,rep,0.7927,,149,,0
MCQ3H2jfCBs,en,rep,0.9991,,11,,0
MFcNY_CyXk4,hi,rep,0.5653,,6,,0
MGGCuJdo8xs,en,exhaustive,0.9708,0.8889,18,cy,0
MLUJVpk0BM8,en,rep,0.8095,,51,,0
MLay5YHp48w,en,rep,0.9879,,157,,0
MSr3hE3z2jw,en,rep,0.9973,,6,,0
MT6uJni993A,cy,rep,0.9354,,1,,0
MVI_yEqA2RE,en,rep,0.9964,,14,,0
MeM6r8Nj8G0,hi,rep,0.8530,,1,,0
MgLHVw0tUBg,en,rep,0.8002,,15,,0
Mh3Dvs7DwdM,en,rep,0.9530,,19,,0
Misd5Qrx_CI,en,rep,0.7880,,3,,0
MmfiHdQ4Wfs,en,rep,0.9983,,1,,0
MousuD_jX24,sl,rep,0.7012,,36,,0
MpGxOR50sn4,en,rep,0.9997,,51,,0
Mrcn4Q50j5s,en,rep,0.9929,,53,,0
MsA2OJiYApw,en,rep,0.6803,,41,,0
N15YpxEHjVs,en,rep,0.9550,,88,,0
N1cJakFhjNo,en,rep,0.9958,,1,,0
N5esEarb5MQ,en,rep,0.9941,,21,,0
N8XGCs0js30,en,rep,0.8553,,2,,0
N9JXjNCR1EM,en,rep,0.9982,,23,,0
NDsl1_vHHTc,en,rep,0.9824,,115,,0
NISKpzp_QAM,en,rep,0.9977,,1,,0
NMWqBL_Uhr4,en,rep,0.9993,,2,,0
NM_SJwSMRT8,ja,rep,0.9419,,3,,0
NMpf6HNYIzc,en,rep,0.9987,,1,,0
NOYFz4DIfh8,en,rep,0.8418,,13,,0
NSZvUu8Q8ZQ,en,rep,0.9518,,15,,0
Nbn1NJjbqoc,en,rep,0.9708,,3,,0
Nc-HP2vyKoE,en,rep,0.9957,,12,,0
Nchrj-dzVgs,en,rep,0.9992,,15,,0
Ndnq9Ofs2eA,en,rep,0.9163,,35,,0
NhOwdlKHcAE,en,rep,0.8606,,64,,0
NoIHCm4wrpk,en,rep,0.8412,,15,,0
NpskXvrCNA0,en,rep,0.8205,,31,,0
O0D0E42AA4I,en,rep,0.9958,,70,,0
O1UBCHWPIqE,en,rep,0.9548,,5,,0
O1j79d0IuhU,en,rep,0.6788,,20,,0
O2YHi_g2JuY,en,rep,0.9959,,3,,0
O3iPo__LYZQ,en,rep,0.9897,,2,,0
O3jxAN3j_P4,en,rep,0.9936,,15,,0
O3sFnc87STU,en,rep,0.9988,,27,,0
O42jXkaQtQU,en,rep,0.9998,,7,,0
O8gZs9BCr4Y,en,rep,0.9985,,34,,0
OBlw3eBxHvA,en,rep,0.9407,,1,,0
OGhvz1fwacA,en,rep,0.9944,,2,,0
OGzPe8LXHeA,en,rep,0.9433,,38,,0
OHHqegRBDWg,en,rep,0.9858,,6,,0
OI4sCSsyS4s,en,rep,0.9934,,9,,0
OLbdw1imnKY,en,rep,0.9866,,6,,0
OLe9xNH4G6s,en,rep,0.9973,,8,,0
OLfHpvJKNg0,en,exhaustive,0.6940,0.6000,5,el,0
OMeIMC_s0GQ,en,rep,0.9871,,1,,0
OMw8kl2kcZY,en,rep,0.9106,,19,,0
ON3YD52Df5s,en,rep,0.9939,,44,,0
ONvg9SbauMg,en,rep,0.9992,,2,,0
OOJ7OYp1gjg,en,rep,0.9880,,48,,0
OPzyc9rXx-I,en,rep,0.8911,,3,,0
OSrCb8eDWWk,en,rep,0.7860,,28,,0
OUE8rKxYGLY,en,rep,0.9881,,3,,0
OUoQ4c1YyJM,en,rep,0.9538,,1,,0
OWdqgZQdMgw,en,rep,0.9933,,4,,0
OYJh1xJbQys,en,rep,0.8968,,2,,0
OZWiY3xcr1w,en,rep,0.9989,,3,,0
OcPW_rtcbio,en,rep,0.9865,,13,,0
Odb1XiXpRTg,en,rep,0.7846,,9,,0
OhHBPhb8a1I,en,rep,0.9998,,1,,0
Oj22JVi762E,fr,rep,0.9974,,25,,0
OnPdfl9qKRg,en,rep,0.9799,,1,,0
OpaFC283wJE,en,rep,0.9918,,1,,0
OsBgWxoAOf0,en,rep,0.8718,,12,,0
OsLj4GyNvYQ,en,rep,0.9701,,5,,0
OtTAH-lcO_M,en,rep,0.5378,,9,,0
OuP7vIfN3GI,en,rep,0.9906,,1,,0
Oysv7K93B-w,en,rep,0.9971,,55,,0
OzIUFdCRm4o,en,rep,0.9961,,5,,0
P-9Z6WeojxU,en,rep,0.9792,,16,,0
P9M__yYbsZ4,en,rep,0.9902,,15,,0
P9S15gsSywg,en,rep,0.9879,,28,,0
PGQTyzsX7V8,en,rep,0.9982,,3,,0
PJXZQrwDPdQ,en,rep,0.9901,,19,,0
PNJghHAUlLg,en,rep,0.9926,,27,,0
PRgoisHRmUE,en,rep,0.9944,,10,,0
PT0KwTjsMUo,en,rep,0.7806,,8,,0
PTOZrIogdhs,en,rep,0.7443,,1,,0
PTaeZggiMrM,hi,rep,0.9759,,3,,0
PUYoRT2EA5Q,en,rep,0.5485,,9,,0
PXNdbOr8f9s,en,rep,0.8103,,34,,0
Pa-5lbobZpk,en,rep,0.9955,,3,,0
PjlEL4poXaU,en,rep,0.9940,,64,,0
PnxpH92CJOU,en,rep,0.5712,,5,,0
Puu_PXPw_H0,cy,rep,0.4874,,15,,0
Pw_JdBkki_I,en,rep,0.9983,,4,,0
PxVZGdKMmvc,cy,rep,0.8964,,7,,0
PyNVMlDyNtg,en,rep,0.9960,,19,,0
PzzNuCk-e0Y,en,rep,0.9767,,1,,0
Q1MYDq7GgBc,en,rep,0.9897,,2,,0
Q71FNI--3vk,en,rep,0.9971,,18,,0
QEKRkIbCZEg,en,rep,0.9981,,6,,0
QEz1caz0loM,en,rep,0.9997,,7,,0
QFbp5scBzys,en,exhaustive,0.7911,0.5000,6,es,0
QIz-y9-jywM,en,rep,0.8854,,43,,0
QJj7WiwcadU,en,rep,0.9904,,7,,0
QO7Jhl-r-BY,en,rep,0.9384,,1,,0
QWgbM9DoA7A,en,rep,0.9984,,35,,0
QZhzZtExnfc,en,rep,0.9982,,1,,0
QaqyAdedM0Q,en,rep,0.9989,,4,,0
Qd3DEZud65I,bn,exhaustive,0.3668,0.5000,2,ur,0
QgscBSUsuNU,en,rep,0.7811,,11,,0
Qh7rX2S4lFs,en,exhaustive,0.6790,0.6250,8,cy,0
QkmGfY9iY9Y,en,exhaustive,0.5529,0.8000,30,el,0
Qlzca3efn6E,en,rep,0.9891,,3,,0
QpXUjqjewGU,en,rep,0.9906,,3,,0
QspDZ-DYs0Y,en,rep,0.9991,,62,,0
R0XyMhCdSkY,en,rep,0.9910,,173,,0
R3QabWdSsxY,en,rep,0.9994,,17,,0
R5XePwAO4m0,en,rep,0.9963,,1,,0
R9P4_3GEjS8,en,rep,0.9288,,3,,0
RCrTM0fHg-o,en,rep,0.9842,,60,,0
RDeLBp_-3sM,en,rep,0.9972,,1,,0
RDkMkH4drhc,ur,rep,0.4548,,4,,0
REUvXBK7ypQ,en,rep,0.9970,,5,,0
RQXCRoVV9Hc,en,rep,0.9957,,6,,0
RSJQ7iFntRA,en,rep,0.9991,,15,,0
RVQcpNgh6sI,en,rep,0.9790,,6,,0
RWoOC8KvHEA,en,rep,0.9815,,5,,0
RXEUWvpmJaI,en,exhaustive,0.9082,0.9787,94,ru,0
Raiw3nozIoc,en,rep,0.9908,,4,,0
RdGOK7ZAHMc,en,exhaustive,0.7968,0.5556,9,es,0
Rdi5ExhmqHM,en,rep,0.9130,,16,,0
RdlMCh2idHI,nn,rep,0.3165,,1,,0
Rh5qNYU-_jI,en,exhaustive,0.7512,0.6000,10,cy,0
RhcnVBgKxEg,en,rep,0.9911,,3,,0
RjzuefWqVY8,en,rep,0.9988,,32,,0
RovZoquZGn4,en,rep,0.9991,,3,,0
RvjlBL4A_8U,en,rep,0.9780,,278,,0
RweXbb_OzBU,en,rep,0.9924,,2,,0
RyiqQnCd7qQ,en,rep,0.7595,,3,,0
RyszHongpf0,en,rep,0.9966,,4,,0
S-imxWoyMD0,en,rep,0.9861,,25,,0
S0MWAAykFuc,en,rep,0.9989,,46,,0
S4nfcw632Oo,en,rep,0.9986,,30,,0
S5OzDdLlsUI,en,rep,0.9876,,4,,0
SCjA7BJDnEM,en,rep,0.9987,,4,,0
SD-LjOboaE0,en,rep,0.9990,,28,,0
SDCICtm9zXQ,cy,rep,0.8092,,26,,0
SEDDSCUJxK8,en,rep,0.9970,,1,,0
SFE7NNxfbM4,en,rep,0.7368,,2,,0
SH80ZuySDW4,en,rep,0.7566,,1,,0
SNBMdDaYhZA,en,rep,0.9718,,21,,0
SNcjWH6ZhPI,en,rep,0.5818,,73,,0
SOUME9xzIxk,en,rep,0.9960,,11,,0
SSGEoCsFoH4,ur,exhaustive,0.6675,0.4783,46,en,1
STKb-ai6874,en,rep,0.9624,,6,,0
STWrgFYmkL4,en,rep,0.9894,,4,,0
SYriZ4xtdDM,en,rep,0.9991,,11,,0
SfaKxqo1NfQ,ru,rep,0.5067,,12,,0
SfkSpHzhZb8,en,rep,0.9764,,1,,0
Sg-HIZ3qgtk,en,rep,0.9689,,33,,0
SjbFjIeSCf0,en,rep,0.9873,,17,,0
SlJh09MsJ7I,en,rep,0.9967,,3,,0
SoeKlf4DcSE,en,rep,0.9956,,131,,0
SsIDNPoW7q8,en,rep,0.4578,,11,,0
Su8Q8XMQzIM,en,rep,0.4362,,12,,0
SuYeKcei7Zo,en,rep,0.9532,,71,,0
SvWCVOGF6vs,cy,rep,0.9202,,1,,0
SzjmpNTVH6U,en,rep,0.9978,,1,,0
Szx43_ah4ys,en,exhaustive,0.8277,0.9048,21,cy,0
T0qjkPboQXY,en,rep,0.9995,,9,,0
TIgRgGQ2azQ,en,rep,0.9913,,7,,0
TJXW9hpOlnI,en,rep,0.9968,,28,,0
TNEWst_1m4s,en,rep,0.9984,,10,,0
TOT4eRF4oCU,en,rep,0.9964,,1,,0
TOzkrCUSlFg,en,rep,0.9940,,175,,0
TP2wD0LX4T8,cy,rep,0.9967,,86,,0
TQ2NfO8grLs,pa,exhaustive,0.8686,0.8000,5,hi,0
TQ7NqpFMbFs,en,rep,0.9998,,45,,0
TQzJKL_4l44,en,rep,0.9939,,2,,0
TUVeg-x9Za4,en,rep,0.9951,,3,,0
TXjwmCoRmhM,en,rep,0.8640,,1,,0
Tg2yHK2Hnag,en,rep,0.9937,,7,,0
Tm1RbCh9YeA,en,rep,0.7954,,55,,0
Tq-AsJ8M5yw,en,rep,0.9972,,10,,0
Trq6vcUOeQE,en,rep,0.8027,,89,,0
Ts04-23URYA,cy,rep,0.9554,,88,,0
Tu22Y0kIzJ0,en,rep,0.7857,,6,,0
U-kFZbOf6Nk,en,rep,0.9938,,84,,0
U2eqvs_MZGg,en,rep,0.9977,,11,,0
U5Ze75nn72M,en,rep,0.9814,,31,,0
UA-U6m9O5OI,en,rep,0.9625,,41,,0
UFXt6O5cxjw,en,rep,0.9913,,43,,0
UIV2gt1Jzno,en,rep,0.9909,,1,,0
UIr0uGUWN6g,en,rep,0.9305,,72,,0
UJeKNl461d8,en,rep,0.9862,,1,,0
UKBlZt_JL-I,en,rep,0.9994,,14,,0
UKc54igtdXI,en,rep,0.9881,,16,,0
UOGLLo60dzI,en,rep,0.9738,,34,,0
UPRvrLsqN8U,cy,rep,0.9604,,14,,0
URC125wpMS4,en,rep,0.9995,,3,,0
UT7n0WY_6Ww,en,rep,0.9956,,2,,0
UUT_nhIlR_U,en,rep,0.9374,,16,,0
UVTsXdLyIsk,en,rep,0.9972,,50,,0
UVaN02jNqgM,en,rep,0.8867,,43,,0
UXRKQjlYUZU,en,rep,0.9883,,3,,0
UXZm1KDE_qA,en,rep,0.5666,,2,,0
UbyxFZSZZ90,en,rep,0.9997,,38,,0
UdpTELIW7bU,ml,rep,0.9826,,1,,0
UeO44STvnJw,cy,exhaustive,0.7381,0.6667,15,en,0
UjAxgnvxIJE,en,rep,0.9851,,7,,0
Ul_ZfzfHRek,en,rep,0.9892,,7,,0
UmA3FpFowh4,ur,rep,0.9559,,31,,0
UoVJllDh6rg,en,rep,0.8625,,4,,0
Ux-ExovbpsE,en,rep,0.9962,,13,,0
V2XB2l3aFvc,en,rep,0.9470,,43,,0
V5FsNyk9rDo,en,rep,0.9990,,19,,0
V5uV1vR2M6g,en,rep,0.9926,,25,,0
V6egGoCrbIo,ko,rep,0.7650,,2,,0
VDLUQlOR_nI,en,rep,0.9912,,8,,0
VF0hNn-Yfn0,en,rep,0.9984,,4,,0
VFeOyT16oEI,en,rep,0.8806,,16,,0
VFf_xowsMcQ,en,rep,0.9981,,24,,0
VGOslZT-f-I,cy,rep,0.9182,,25,,0
VJjiUcZCkzw,en,rep,0.9933,,1,,0
VKnNVP23toY,hi,rep,0.5401,,4,,0
VNtYIBI3BFc,en,rep,0.9934,,26,,0
VRu86oG1hVY,en,rep,0.9203,,2,,0
VSRuncwwJyQ,en,rep,0.9930,,25,,0
VWrYbF797LI,ru,rep,0.9737,,7,,0
VZki-LyHI0E,en,rep,0.9844,,2,,0
V_lZ61OB0EI,en,rep,0.9963,,1,,0
VcLWubfmJcM,en,rep,0.4934,,2,,0
VePpQBCbKBw,en,rep,0.9853,,8,,0
VfLSoyinXmo,en,rep,0.9410,,4,,0
VgrW-fB3EXI,en,rep,0.9736,,5,,0
Vm2mKdh_VUc,en,rep,0.9972,,4,,0
VmPl5QClxYk,en,rep,0.9976,,36,,0
VpKnSOS6NGo,en,rep,0.9981,,5,,0
Vpw09qKQal0,en,rep,0.9888,,58,,0
VsOismDNYjE,en,rep,0.9101,,49,,0
Vwxft_tqrcg,hi,rep,0.8520,,3,,0
W-7t8Zho4AI,en,rep,0.9208,,2,,0
W-_X1HZM7ys,ms,rep,0.8105,,94,,0
W0Mw5dfZoyg,en,rep,0.9438,,6,,0
W0caVAMB7LQ,en,rep,0.9802,,2,,0
W354uz6KPJE,en,rep,0.9993,,25,,0
W3H5b9yZcOs,en,rep,0.9843,,2,,0
W3XADagE6P8,en,rep,0.9998,,1,,0
W42cARRDRe4,en,rep,0.4252,,2,,0
W9okU7bAE-U,en,rep,0.9949,,7,,0
WA1L8vXkSKQ,en,rep,0.8567,,29,,0
WA9sMdQzdiA,en,exhaustive,0.8187,0.5000,4,mi,0
WAl7wIw5ReQ,en,rep,0.9994,,14,,0
WDialA8RHEg,en,rep,0.4307,,1,,0
WIiuU7Fd-KA,en,rep,0.8850,,93,,0
WJaW32ZTyKE,en,rep,0.9737,,10,,0
WJlK8D9Vy1k,en,rep,0.9871,,1,,0
WLVKRBitiY4,en,rep,0.9965,,6,,0
WP4jOqfpJx8,en,rep,0.9902,,3,,0
WQ2QwrfZHTk,en,rep,0.9988,,17,,0
WQ4W-UqaaMo,en,rep,0.4325,,2,,0
WQXM3hU-7vk,en,rep,0.9935,,9,,0
WQiGCGxYMm4,en,rep,0.9668,,11,,0
WR4vkITJckY,en,rep,0.9775,,10,,0
WT2aDvMsZF8,en,rep,0.9773,,2,,0
WTxTntSi6Jw,en,rep,0.9870,,10,,0
WUx-OqSLBak,en,rep,0.9992,,41,,0
WZQi3LOqiNc,en,rep,0.9989,,3,,0
WZw5Vz_imPM,en,rep,0.9954,,27,,0
WeHTlU8efMA,fr,rep,0.9876,,14,,0
WgWkOiDD4n4,en,rep,0.9833,,5,,0
WiILKjGKveI,en,rep,0.9902,,7,,0
WiNgIQ1pOlE,en,rep,0.9345,,8,,0
WsQ7ysVt-0A,en,rep,0.9892,,48,,0
Wx9v_J34Fyo,hi,rep,0.9232,,1,,0
WzyI1gx_PHI,en,exhaustive,0.9750,0.7500,4,cy,0
X-irPLY6oLk,en,rep,0.8589,,79,,0
X3bcvqrTTJI,en,rep,0.9962,,2,,0
X3tI7SRuvhw,en,rep,0.9990,,57,,0
X3ztiC2hUXM,en,rep,0.9989,,5,,0
X7Jd6mI9iHM,en,rep,0.9970,,4,,0
X7WI5_UUpys,ko,rep,0.5571,,2,,0
XAhljQgieEs,en,rep,0.9992,,4,,0
XBF-Pd_asag,en,rep,0.9936,,57,,0
XIXA-Kqb_Os,hi,rep,0.9438,,1,,0
XL6m6Zl2ejc,en,rep,0.9974,,7,,0
XLSJ7NIldNo,en,rep,0.9967,,2,,0
XPwYTyTbCag,en,rep,0.9956,,2,,0
XQy5b5mlVZ4,en,rep,0.9970,,5,,0
XVtVVuER3W4,en,rep,0.9947,,2,,0
XXKVwqZS1R8,en,rep,0.9321,,17,,0
XXgJZXUPZXM,en,exhaustive,0.7860,0.7500,4,fr,0
XZxl6h-TxQ4,cy,exhaustive,0.8479,0.6975,119,en,0
XaGss5gNQEM,en,rep,0.9885,,2,,0
XaxSxkApUQc,en,rep,0.9938,,10,,0
Xb32P_VWh7w,en,rep,0.9955,,1,,0
XbDyn-2_xIc,ms,rep,0.6997,,130,,0
XbtdjM8wGv4,en,rep,0.9977,,178,,0
XcZaQG7wUpA,en,rep,0.8439,,58,,0
XfMoY5WSlvc,en,rep,0.9971,,2,,0
XkNofrvAt2s,cy,rep,0.9970,,94,,0
XoVZxH4CwMQ,te,rep,0.9954,,35,,0
XrGuIdJ0Ckg,en,rep,0.6041,,7,,0
XvfpyrdeZ0s,en,rep,0.9863,,103,,0
XxqpGCkrF8g,en,rep,0.9946,,1,,0
XyvlWUQAkxM,en,rep,0.9981,,68,,0
Y1QnypwCPZo,cy,rep,0.9966,,26,,0
Y3sbt-6ndq0,en,rep,0.9673,,2,,0
Y6Mn-d9QMxY,en,rep,0.9616,,32,,0
Y9anPwwkuU4,en,rep,0.9978,,9,,0
YEgE-m8kzpM,en,rep,0.9285,,1,,0
YGwLb86Uso8,en,rep,0.8787,,11,,0
YJkS7QqeYPw,en,rep,0.9972,,19,,0
YMqKHYZHQD0,en,rep,0.7415,,2,,0
YOD6jIFD5aw,en,rep,0.9959,,4,,0
YP_35HEWcfc,en,rep,0.9990,,28,,0
YWpX7tlXLB0,en,rep,0.9994,,3,,0
YXPEXwjYpGA,en,rep,0.9989,,9,,0
YXfpaJVsVa4,en,rep,0.9856,,19,,0
YZLGkfy0_oM,en,rep,0.9955,,4,,0
YZp4fNMECVg,en,rep,0.9797,,1,,0
Yex9CPZzezk,en,rep,0.9953,,13,,0
YgCBzXR63l8,en,rep,0.9089,,4,,0
YhoYie6_la0,en,exhaustive,0.4136,0.6316,19,ar,0
YjTCns1fFmM,en,rep,0.9372,,12,,0
YjwTPflZm70,en,rep,0.9694,,1,,0
YlIl427ZdHc,en,rep,0.9982,,1,,0
YpmKbkU-X_U,en,rep,0.9963,,11,,0
YuLSfLZ9apM,en,rep,0.9940,,38,,0
YvRRXziXpMY,en,rep,0.9961,,17,,0
Z12xymgfH9k,en,rep,0.9973,,1,,0
Z5SpCVtoOdw,en,rep,0.9935,,5,,0
Z8iLMnTX6OQ,cy,rep,0.7280,,1,,0
ZAX4LKUeAVE,en,rep,0.9975,,7,,0
ZAYK9cMiSbE,en,exhaustive,0.6769,0.7857,14,af,0
ZBcOyv8LZ8s,en,rep,0.9843,,143,,0
ZDfRJiIODMs,en,rep,0.9923,,8,,0
ZEHCzjk0Hrk,en,rep,0.9937,,2,,0
ZH6357PHRCc,en,rep,0.9940,,2,,0
ZHLsDRxEMGs,en,rep,0.9950,,83,,0
ZQPrD6cbqHQ,en,rep,0.9950,,30,,0
ZQQwgYaQh1w,en,rep,0.9962,,34,,0
ZSEV1ivNUWY,en,rep,0.9864,,13,,0
ZUlkRGgSLfI,en,rep,0.9991,,14,,0
ZYSjPZUqLdk,en,rep,0.9986,,16,,0
ZZIjgZYnP6Q,en,rep,0.9982,,4,,0
Z_TNQsWm8SM,en,rep,0.9656,,1,,0
Zg4zFxyeLMQ,en,rep,0.2595,,1,,0
Zi2RoikofDs,en,rep,0.9861,,1,,0
Zj7U7R-2fcs,en,rep,0.9974,,14,,0
ZjmynEwugnk,en,rep,0.9797,,4,,0
Zn8iU3-RNL0,en,rep,0.9895,,3,,0
ZpNQS6CX7FA,en,rep,0.9993,,21,,0
ZptziXSxpx0,en,rep,0.6166,,68,,0
ZsY6kAHzdwM,en,rep,0.9978,,12,,0
ZtXr7bckLyc,sw,rep,0.9145,,10,,0
ZyOqaUFxojc,en,rep,0.9995,,51,,0
ZyUCcfMcmyE,en,rep,0.9889,,23,,0
ZzVhwsetzDk,en,rep,0.9143,,20,,0
_1B60L4m60M,en,rep,0.9979,,21,,0
_4bzRoRn260,fr,rep,0.8893,,1,,0
_4r4LIX84TM,en,rep,0.9991,,1,,0
_5O0_4kkKSg,hi,rep,0.9234,,5,,0
_5r3yqpaNuM,en,exhaustive,0.6561,0.7273,22,af,0
_6ck3EDlssw,en,rep,0.9872,,2,,0
_7RMd0g9FtQ,cy,rep,0.7167,,22,,0
_AvNT3vyzr0,cy,rep,0.8806,,64,,0
_BxhdmIGNys,en,rep,0.7679,,1,,0
_CKFycGHzLo,en,rep,0.9604,,2,,0
_F6bq0l18Ng,en,rep,0.9985,,4,,0
_FcVS3nf3Qs,en,rep,0.9843,,1,,0
_H71S7ar21o,en,rep,0.9334,,15,,0
_ITluulB74Q,en,rep,0.9932,,67,,0
_K-JEM9RNeA,en,rep,0.9988,,124,,0
_OhqC6w4C28,no,rep,0.4903,,5,,0
_QRahNSxQfc,en,rep,0.9771,,92,,0
_UVuXcclWM8,en,rep,0.9918,,28,,0
_WN-6t58HdM,en,exhaustive,0.3507,0.5000,4,so,0
_ZZVgjbePRI,cy,rep,0.7381,,6,,0
_ak7BooJlnk,en,rep,0.9947,,1,,0
_czQyx6JYgc,en,rep,0.9999,,26,,0
_f2hDpHsQlg,en,rep,0.9884,,12,,0
_gJN7I0a9XU,en,rep,0.9476,,7,,0
_gR3p72XEMg,en,rep,0.9996,,8,,0
_gm8Jp_4a5E,en,rep,0.9992,,7,,0
_nwF3zYpfQ4,en,rep,0.9937,,13,,0
_rWxLXmPdc0,en,rep,0.9907,,11,,0
_sWO1yvsmmo,en,rep,0.9663,,2,,0
_t61OZ5dN9Q,en,rep,0.9998,,18,,0
_uV1LuL6yDQ,ja,rep,0.6045,,13,,0
_y9aHEd08LM,en,rep,0.9903,,7,,0
_yKGZu_8gyI,en,rep,0.9081,,2,,0
_zYWKwpARf0,en,rep,0.9996,,7,,0
a3Ah-REb5vc,en,rep,0.9895,,76,,0
a5CAVvzL2GA,en,rep,0.9991,,97,,0
a5lUNW9wlpY,en,rep,0.9830,,7,,0
aA1H4iLap44,cy,rep,0.5407,,21,,0
aB0Ku9J6jHg,en,rep,0.9861,,12,,0
aGPO0OB2_Ak,en,rep,0.9220,,1,,0
aJAQVletzdY,en,rep,0.7528,,1,,0
aLPYGw9HubM,en,rep,0.9795,,4,,0
aSDRWUh7nqQ,en,rep,0.7479,,2,,0
aSF8LfYNlSM,en,rep,0.9836,,7,,0
aSp8Pf6zXvg,en,rep,0.9539,,1,,0
aTigt0mmyiM,ja,rep,0.9450,,21,,0
aValNp9ADko,en,rep,0.9961,,90,,0
aVstEGR5jt0,en,rep,0.9956,,3,,0
aVtOmrULE2w,en,rep,0.9993,,1,,0
aZn-H9uoYk8,ja,rep,0.8493,,1,,0
acWlXpQu83s,en,rep,0.7273,,34,,0
ad7p5nSZbBg,en,rep,0.9154,,13,,0
adXUEwBrrl0,en,rep,0.9983,,41,,0
ae527aiePIg,en,rep,0.5316,,1,,0
afqjRWOtCzM,cy,rep,0.9963,,13,,0
atd0dgRkl2k,en,rep,0.9686,,1,,0
azPa3uccg2I,en,rep,0.8780,,3,,0
b-lZA6gHWg8,en,exhaustive,0.8291,0.8906,64,sl,0
b3wy7s_QvOY,en,rep,0.9905,,5,,0
b44IhiCuNw4,sl,rep,0.6979,,39,,0
b4jlwhPxTpo,en,rep,0.9896,,40,,0
b552H9Gclo0,en,rep,0.9985,,33,,0
bCbKYU8D2QA,en,rep,0.9962,,3,,0
bDjCnFvz11A,en,rep,0.9963,,105,,0
bKqwRavOIVY,en,exhaustive,0.6664,0.7500,8,sl,0
bMtTAQHLc6A,en,rep,0.9932,,107,,0
bQ5gacQY7y8,en,rep,0.9913,,5,,0
bRh_KJ6yyGU,en,rep,0.9949,,2,,0
bSySiLIcnzs,en,rep,0.9876,,6,,0
babTVMWIosM,en,rep,0.8316,,8,,0
be0sJh-pxOg,en,rep,0.9992,,7,,0
bebrJ-o4d2E,en,rep,0.9777,,18,,0
bj77Ljq7kbA,en,rep,0.9511,,196,,0
bjNvrJwE9Dc,en,rep,0.9894,,12,,0
bk4b1P_IHZ8,en,rep,0.9947,,1,,0
bkUDUnE6aP8,en,rep,0.9404,,1,,0
bkZBYQ7mnrQ,cy,rep,0.7624,,14,,0
bn5OSGM8oKc,en,rep,0.9984,,1,,0
bqfAc6X_uUY,en,rep,0.9994,,85,,0
bugT5lGfl9M,en,rep,0.9977,,14,,0
bvCbqmHHQD8,en,rep,0.9491,,6,,0
bzDZY35Vacw,en,rep,0.9899,,32,,0
c0XSC8b_9hU,en,rep,0.9975,,12,,0
c1H__IGGs8E,en,rep,0.9960,,15,,0
c41Mm_I_pBc,en,rep,0.9979,,7,,0
c62KFa9jY8E,en,rep,0.9992,,44,,0
c6gVQ2e1zEs,en,rep,0.7800,,2,,0
c7baTdyHv8g,en,rep,0.9977,,4,,0
cFhONVldyE0,en,rep,0.9526,,66,,0
cG_MFoGh_EM,en,rep,0.9967,,3,,0
cH3DOOXFE24,ja,rep,0.9259,,2,,0
cIpXNRmZtVc,en,rep,0.9555,,5,,0
cLMUQZr0TOg,en,rep,0.9971,,4,,0
cLcmBWC4FBI,en,exhaustive,0.7615,0.4000,10,zh,1
cUkZLttONGM,en,rep,0.9717,,2,,0
c_Ok8VutSbw,en,rep,0.9896,,1,,0
ca_kO_J5rWg,es,rep,0.7412,,15,,0
cafMvJshI1c,en,rep,0.9907,,9,,0
cbqshch5yAA,ht,rep,0.4384,,20,,0
ciV5Vi-3Adw,en,rep,0.9247,,24,,0
cmA7Ze4KPd8,cy,exhaustive,0.7450,0.5814,43,en,0
cngWph0hiVo,en,rep,0.9925,,4,,0
cpAUXdNPnQs,en,rep,0.9499,,6,,0
cvlLKmzsEBc,en,rep,0.9967,,1,,0
cy9rx19dujU,cy,rep,0.8624,,2,,0
d0npGPi3UPw,te,rep,0.9985,,140,,0
d2b921R6Q7U,en,rep,0.9974,,1,,0
d9ShdxJRArw,en,rep,0.9922,,7,,0
dFxMzUUWLeM,en,rep,0.9976,,21,,0
dKfNJ2umK4o,en,rep,0.9225,,3,,0
dMN2CeulM6o,hi,rep,0.9976,,69,,0
dMjan7yZ4gU,en,rep,0.7400,,27,,0
dMxd2IrTF7w,en,rep,0.9950,,58,,0
dMyTRV4x50w,en,rep,0.7457,,1,,0
dUKtnNKWV44,en,rep,0.9966,,5,,0
d_oCEre1NJ0,en,rep,0.9989,,4,,0
daTulcsI2RU,en,rep,0.9793,,81,,0
dd9EimkKEZw,en,rep,0.9996,,13,,0
dk2FVz_B5ls,en,rep,0.9989,,4,,0
dnQnF9apUF8,en,rep,0.9986,,14,,0
dt9To7mMjl0,en,rep,0.9689,,53,,0
dt9tqCG8neM,en,rep,0.5583,,1,,0
dwd_Z917XGI,en,rep,0.8587,,30,,0
dxWIZ0ODlZE,en,rep,0.9796,,1,,0
e0Q9GzQzBhE,en,rep,0.9955,,14,,0
e3rjGvtVXeo,en,rep,0.9893,,5,,0
eAQBVytibCc,en,rep,0.6868,,1,,0
eCKD8fP2aao,en,rep,0.9977,,19,,0
eF7TdzaX_Jc,ko,rep,0.9858,,1,,0
eFUL4yP0vqo,en,rep,0.9937,,6,,0
eFdjgis1E5I,en,rep,0.9983,,74,,0
eGYkD0e411I,en,rep,0.9505,,2,,0
eIXNlBbw54g,en,rep,0.7839,,2,,0
eLX1KG3FnBg,es,rep,0.8198,,3,,0
eNtpsXBrhk4,nl,rep,0.9909,,1,,0
eO8hhdMv7P4,ko,rep,0.9883,,6,,0
eOJ7XVQlnB8,en,rep,0.9967,,2,,0
eQcmzGIKrzg,en,rep,0.9668,,15,,0
eRU1XIwXCAE,en,rep,0.9974,,22,,0
eRvOQ8MsyV0,hi,rep,0.9620,,4,,0
eSR9swuM61I,en,rep,0.9944,,101,,0
eT5IGtWmQ-M,en,rep,0.9931,,8,,0
eVXJaSgEf74,en,rep,0.9737,,25,,0
eVz41Qm-5aU,en,rep,0.8593,,49,,0
eX3PtJN52g8,en,rep,0.9970,,1,,0
eY5c3ce48Rs,en,rep,0.9934,,30,,0
eg0bYuuHzkI,th,exhaustive,0.3348,0.3333,3,my,1
ejrSSx2FMhQ,en,rep,0.9979,,39,,0
ekxjCWMq8Z0,en,rep,0.9987,,148,,0
emqCYr2xVGw,en,rep,0.9981,,10,,0
eoHw0W_CzX8,en,rep,0.9780,,1,,0
eoN2Xrs6cxc,en,rep,0.9624,,5,,0
eowka-cMoxM,en,rep,0.9986,,4,,0
err7vaMQ4z4,nl,rep,0.8068,,1,,0
etnFlNJ-uys,en,rep,0.9596,,9,,0
eub0JuAMSiI,cy,exhaustive,0.6918,0.6667,15,en,0
evORVtwC0zk,en,rep,0.9987,,37,,0
ewQ3FI_u5nY,en,rep,0.9993,,19,,0
exsaT4HrbhA,en,rep,0.6109,,1,,0
exvJz3JPHuI,en,rep,0.9974,,22,,0
ezQjNJUSraY,en,rep,0.9818,,18,,0
f5kTVt7QnK4,en,rep,0.9686,,2,,0
f5mk7tpuEs4,en,rep,0.9986,,1,,0
f7HNmm8MHMI,cy,rep,0.7733,,3,,0
fAtWwadP6CY,en,rep,0.9534,,4,,0
fDZ8fFOesDQ,en,rep,0.9942,,46,,0
fSSzNXPVvYc,en,rep,0.9992,,12,,0
fUQ-OTqjp9c,en,rep,0.9832,,3,,0
fUzh2Hu4JoY,en,rep,0.9986,,4,,0
fV1xRX3XGKk,en,rep,0.9973,,7,,0
fWnDlFMfOA0,en,rep,0.9641,,9,,0
fXuqsnqsfGE,en,rep,0.9236,,1,,0
fYHqUK0tqH8,en,rep,0.9424,,19,,0
fZ8S5N2akUE,en,rep,0.9169,,27,,0
f_LHuvCZLf0,en,rep,0.9717,,4,,0
fceagC5I1Yk,en,rep,0.9902,,6,,0
fdANKfoxm6s,en,rep,0.9918,,1,,0
ferxnIAT2Go,en,rep,0.9267,,1,,0
fgIfH_85nBw,en,rep,0.9986,,14,,0
fhXPsdrWJiA,en,rep,0.7254,,27,,0
fk3Cq0mR6_4,no,rep,0.9028,,3,,0
fk_RkZortw8,en,rep,0.9939,,6,,0
fnW2Qy7uY9Y,en,rep,0.9846,,1,,0
fo65xXZqfoA,en,rep,0.9989,,55,,0
fu1ZVnk2Gqk,en,rep,0.9925,,2,,0
fuRU10ocuds,en,rep,0.7955,,7,,0
fuZ88PJ7Lsg,en,rep,0.9848,,1,,0
fvtbdq3WiyU,cy,rep,0.9925,,5,,0
fyFOwJRr3I0,en,rep,0.9972,,20,,0
g0UDwv1vPgw,en,rep,0.9610,,9,,0
g8DbS9Ochow,en,rep,0.6075,,3,,0
gAjMBetApiA,en,rep,0.9892,,5,,0
gB-ZlM-aUTE,en,rep,0.9215,,6,,0
gB6vLAjfMdc,en,rep,0.9970,,22,,0
gE9soy7r-Ms,en,rep,0.9963,,2,,0
gFZj_2voVyA,id,rep,0.6283,,1,,0
gMZp4NeJq5w,en,rep,0.9991,,23,,0
gRO6JH35Cdc,en,rep,0.9873,,1,,0
gROnZPk4dnk,en,rep,0.9845,,1,,0
gTDprJn164c,te,rep,0.9760,,78,,0
gTmG636eAYY,en,rep,0.9935,,1,,0
gV8icTgcuyU,en,rep,0.9977,,5,,0
gZyG2_WKQvc,en,rep,0.9967,,1,,0
gaUt3gTwwzU,zh,rep,0.5698,,1,,0
gb13T2EYzvM,en,rep,0.9895,,2,,0
gdb3IbS2SGQ,ja,rep,0.9798,,7,,0
gksr08xM7dc,en,rep,0.9989,,2,,0
gqxjTyxDC-Q,en,rep,0.9648,,23,,0
gvYPX1ja9gU,en,rep,0.9979,,9,,0
gwysz5CtZLg,cy,rep,0.5049,,34,,0
gxYTI3KmFk0,en,rep,0.9974,,4,,0
gzfKeagBy1k,en,rep,0.9993,,26,,0
h-h1ceF9ToI,en,rep,0.9902,,1,,0
h5ZU5xukqyE,en,rep,0.9952,,57,,0
h7HDtT_cOs4,en,rep,0.9914,,25,,0
hCc4qd-6h_Y,en,rep,0.9994,,23,,0
hHHYqKqySy8,en,rep,0.7886,,17,,0
hIkJ1Q69eJI,bn,rep,0.9755,,19,,0
hMmYNZgItKc,en,rep,0.9907,,6,,0
hN4A9M4qXy8,en,rep,0.9994,,3,,0
hNhlfyoVlLQ,en,rep,0.9825,,58,,0
hOloWe3oYR4,cy,rep,0.9377,,16,,0
hPUs3kB39sA,en,rep,0.9971,,4,,0
hPhJlvpNz2Y,en,rep,0.9567,,51,,0
hPt5JG9kGUc,en,rep,0.9924,,1,,0
hQyEUb5DS2o,en,rep,0.9922,,6,,0
hQzC6_3S6xg,en,rep,0.9940,,44,,0
hS-re7JJ8ts,ja,rep,0.7443,,14,,0
hUKXRN4RzpA,en,rep,0.9915,,45,,0
halJEOj2RP4,nl,rep,0.9887,,4,,0
hasaLmOLJ8k,ms,rep,0.8404,,10,,0
hcl4vYMfvYQ,en,rep,0.9989,,1,,0
hfMHcdPo7fk,en,rep,0.9828,,2,,0
hihIrNRfnpQ,en,rep,0.9967,,8,,0
hoAGRdA2Zpo,en,rep,0.9800,,4,,0
hr5Px8dD_iw,en,rep,0.9970,,19,,0
hrhBvOz8ius,en,rep,0.7121,,3,,0
hsfgj1OWX0Q,en,rep,0.9914,,1,,0
htZAga_nSW8,en,rep,0.9201,,41,,0
hv4NNsPaL44,en,rep,0.9982,,37,,0
hw0VaaAhfjM,es,rep,0.8563,,2,,0
hxHjQZSANwI,en,rep,0.9828,,120,,0
hxa7Kd8P-oM,cy,exhaustive,0.8748,0.6000,5,en,0
hykLNP-Cpsc,en,rep,1.0000,,2,,0
i17JKd_eCAU,en,rep,0.8891,,9,,0
i1srQA7ocZs,hi,exhaustive,0.8066,0.6154,26,en,0
i3DQ9UOs8nY,en,rep,0.8884,,1,,0
i4jX18-l9pI,en,rep,0.9786,,2,,0
i4oLqHRxoZ8,en,rep,0.9336,,3,,0
i5HYNnHtcdY,en,rep,0.9969,,3,,0
iCd5W4gwJsI,en,rep,0.9515,,6,,0
iDWMIMCMNiQ,en,rep,0.9604,,27,,0
iFJ2pJph-Do,en,rep,0.9991,,78,,0
iKAYJ-makHU,es,rep,0.7804,,1,,0
iNTSOGM5rCY,en,rep,0.9986,,134,,0
iNhHBJkMz58,en,rep,0.9647,,1,,0
iT5-jVpP_TQ,en,rep,0.9932,,23,,0
iWRrLD7H98s,pt,rep,0.9770,,2,,0
iXUwLs4kNvc,yo,exhaustive,0.2571,0.5000,2,si,0
iY2XmAG6Rl0,en,rep,0.9866,,2,,0
ib2KHcsUS18,en,rep,0.7723,,4,,0
id1m2sLzwrE,en,rep,0.9995,,43,,0
id8Uq_339xM,en,rep,0.9581,,13,,0
ihpS0LTtWjw,en,rep,0.4894,,2,,0
io3xwOBD4f0,gl,rep,0.5184,,107,,0
ioFH4kyF0kY,hi,rep,0.8735,,8,,0
iqm-XEqpayc,en,rep,0.9929,,28,,0
iqmkldsIxkI,en,rep,0.9487,,78,,0
it0EYBBl5LI,en,rep,0.9969,,4,,0
iuqe74uT7fw,en,rep,0.9794,,10,,0
iy-uKpGZmrQ,en,rep,0.9503,,21,,0
j-0L20FH2Zc,sl,rep,0.8929,,4,,0
j-nCvuPZoWo,en,rep,0.9987,,5,,0
j3BVnXHPjyw,en,rep,0.9975,,22,,0
jA4WY877mTk,en,rep,0.8293,,7,,0
jHVnt6VROM8,en,rep,0.8659,,6,,0
jLLVBH5ZZG0,en,rep,0.9923,,1,,0
jNyPJ1LQmiA,en,rep,0.9913,,2,,0
jOj_NSDXMz0,en,rep,0.9273,,10,,0
jPxamG3f5TE,en,exhaustive,0.8043,0.8065,31,cy,0
jYEIkpTjpwI,en,rep,0.9985,,4,,0
jZa3FK_T_Z4,en,rep,0.9479,,12,,0
j_k1TZLK2mQ,en,rep,0.9951,,7,,0
jbzpyRmU3YA,en,rep,0.9985,,31,,0
jcFgCdlsPjI,hi,rep,0.7575,,3,,0
jgT5X37XW3w,en,rep,0.9979,,13,,0
jhUnM7jekNo,en,rep,0.9909,,3,,0
jhaa9bIPuOY,nn,rep,0.3269,,2,,0
jpAig_5u60Y,en,rep,0.9706,,42,,0
jvRleA3lWBw,en,rep,0.7597,,13,,0
jvr7UJI47UM,cy,rep,0.7826,,19,,0
jwBi_Q9ffys,en,rep,0.9946,,84,,0
jwS75RtJJBc,en,exhaustive,0.8208,0.6000,5,cy,0
jzbqbu-0bxc,en,rep,0.9923,,15,,0
k9Kb4Pwu3ok,en,rep,0.9897,,2,,0
kBLs0CsEWEg,en,rep,0.9941,,1,,0
kEQyvL6El-M,en,rep,0.9874,,1,,0
kLdPQfLv1g0,en,rep,0.9950,,23,,0
kM8iZqP4GDk,en,rep,0.9992,,61,,0
kQLhEtSx0NA,en,rep,0.9985,,2,,0
kYVd_HIkGw4,en,rep,0.9503,,9,,0
kYXiegTXsEs,en,rep,0.9859,,4,,0
kdQPXCcV2K0,en,rep,0.9943,,9,,0
khm7702744s,en,rep,0.9793,,28,,0
kmTRmjeoKYA,en,rep,0.6828,,2,,0
kp33ZprO0Ck,en,rep,0.9999,,1,,0
kqFzRSwX3Fs,en,rep,0.9971,,1,,0
kr5Ot5x8mmc,en,rep,0.9753,,9,,0
kzgohxtf3hg,en,rep,0.9549,,15,,0
l1wHRYkFhZg,en,rep,0.9825,,6,,0
l5bkGI-CGFI,en,rep,0.9745,,16,,0
l5tn1sJ0fKg,en,exhaustive,0.7477,0.8571,7,cy,0
l6iQSCD9UeI,sv,rep,0.6871,,42,,0
l7OIqpr56NY,en,rep,0.9993,,8,,0
l82uiWKCgF0,en,rep,0.9984,,105,,0
lAzL_47Wkbc,en,rep,0.9488,,13,,0
lClz0KqwrFU,en,rep,0.9931,,98,,0
lDJEC7OX6AE,en,rep,0.9872,,1,,0
lHakoK0j9qA,en,rep,0.9943,,8,,0
lJYwN2X7IbI,en,rep,0.4552,,71,,0
lM1Zmq0Lcd4,en,rep,0.9916,,11,,0
ldiJbsXZgvg,en,rep,0.9149,,39,,0
le3cBRlWSE8,en,rep,0.9230,,13,,0
lgWY-gjEYW0,en,rep,0.9961,,5,,0
lh_ZUt-O34Y,fr,rep,0.9496,,2,,0
li7HdK2vIlw,en,rep,0.9974,,16,,0
liKbDWr0RzI,en,rep,0.9418,,63,,0
liVQZnSAv28,cy,rep,0.9053,,11,,0
ltPAsp71rmI,en,rep,0.9894,,1,,0
lxBYJOEbU_g,en,rep,0.9995,,23,,0
lxE9lqRrcuo,en,rep,0.9908,,5,,0
lxQjwbUiM9w,en,rep,0.9959,,4,,0
lz1RY_CNWeU,en,rep,0.9707,,2,,0
lzniYTLmFkc,es,exhaustive,0.5243,0.3333,6,pt,1
m03Bn3jgP48,en,rep,0.9963,,1,,0
m0EwquC6wBU,cy,rep,0.6838,,3,,0
m0svbKxpLhI,en,rep,0.9978,,10,,0
m3ZogsjvmLA,en,rep,0.9705,,8,,0
m3q4bKFCkio,en,rep,0.9877,,11,,0
m3q7itlxq14,hi,exhaustive,0.6811,0.6875,32,ur,0
m5_41I_BLc8,en,rep,0.7676,,24,,0
m9qPsbp-l00,en,rep,0.9860,,6,,0
m9y0Kt9UFYc,cy,rep,0.8682,,21,,0
mAUNqn8QAFU,en,rep,0.9796,,8,,0
mCghaYzVDxw,sw,rep,0.2472,,1,,0
mD24h-bbdMU,pl,rep,0.9895,,1,,0
mEP7QCH2oYc,en,rep,0.9890,,46,,0
mETDq4gwIkU,en,rep,0.9802,,86,,0
mFRkTyvuamE,cy,rep,0.8600,,2,,0
mLTM_vEz1jU,en,rep,0.9120,,10,,0
m_D83abmA4Q,en,rep,0.4262,,6,,0
mcZfJHqf4KY,en,rep,0.9994,,11,,0
mf8vuUJoNaI,sw,rep,0.4047,,1,,0
mfzWMIEVrFk,hi,rep,0.5779,,1,,0
mjI_IyzUye0,en,rep,0.9994,,10,,0
mqSucLmIFeg,fr,rep,0.9397,,20,,0
mtXfzd53wRQ,en,exhaustive,0.8968,0.8500,20,sw,0
mu1XN7ABANM,en,rep,0.9934,,12,,0
myDLLgryIs8,en,rep,0.9975,,4,,0
myaOG-5N12M,en,rep,0.9990,,3,,0
n9Gl1hBgjIU,en,rep,0.9521,,3,,0
nHU621TjCi0,en,rep,0.9960,,69,,0
nISa7ahsQVY,en,rep,0.9986,,139,,0
nN4fDhAcGTM,ca,exhaustive,0.4848,0.6667,3,pt,0
nNuk96Rw2Ks,en,rep,0.9867,,18,,0
nQeMM3bqM1M,cy,rep,0.9944,,12,,0
nQgkkH-o-aE,en,rep,0.9582,,113,,0
nQmB8u7aBZs,sl,rep,0.8989,,1,,0
nQpuGwWyFQ0,en,rep,0.9975,,11,,0
nSsQFG8QzcE,en,rep,0.9800,,4,,0
nZQ_jnOVFeU,en,rep,0.8456,,59,,0
n__HtO28X8M,en,rep,0.9588,,4,,0
ngdwHwnLCt8,cy,rep,0.9865,,7,,0
nkCgvEXj7FQ,en,rep,0.9988,,14,,0
noYQhtNG-RA,en,rep,0.9877,,1,,0
nor0P6jwoeg,en,rep,0.9905,,12,,0
nsqOggafySQ,en,rep,0.9937,,26,,0
nu3p9JQ4ykM,en,rep,0.9718,,16,,0
nujU66hnemE,en,rep,0.9954,,4,,0
nvGGjCIIrm0,cy,rep,0.6911,,66,,0
nyes4M2CbtI,en,rep,0.9911,,17,,0
nyxYzQVqo20,ja,rep,0.9602,,1,,0
o0lvhDX6DXc,en,rep,0.9985,,175,,0
o3z2CwnY_5M,en,rep,0.9983,,35,,0
o5ufkJMr24c,en,rep,0.9805,,4,,0
oBRZ8sD-OjE,en,rep,0.8500,,37,,0
oCM304tbwcM,en,rep,0.5771,,1,,0
oKC8ikzEFIA,en,rep,0.9910,,1,,0
oMbvC_siQyc,en,rep,0.9287,,2,,0
oNGKZrLIO0U,en,rep,0.9945,,2,,0
oOdNHtF_s5o,en,rep,0.9988,,61,,0
oSBD9lej7oA,en,rep,0.9981,,13,,0
oWVfSS5m5LY,en,rep,0.9985,,45,,0
oWqLRywhozk,en,rep,0.9875,,30,,0
oYKlQPSZr9A,en,rep,0.9980,,8,,0
oarLQY6VJzs,en,rep,0.9996,,53,,0
oe4VZ1YDL9Y,en,rep,0.8447,,19,,0
ofWA7ERRwzs,cy,exhaustive,0.7254,0.5000,6,en,0
om1FNUWg4yo,en,rep,0.9979,,12,,0
oonc4u-Adbc,en,rep,0.9994,,23,,0
p2tdlkmZ8D4,pl,rep,0.9849,,11,,0
p9ijo4bNOJI,en,rep,0.8906,,1,,0
pBoDJqyONC4,en,rep,0.9895,,13,,0
pD9cAOBZDj4,en,rep,0.9851,,1,,0
pDySXCjwXJg,en,rep,0.9996,,24,,0
pI1feWHeUq4,ja,rep,0.6966,,2,,0
pJznoC1fZ_U,en,rep,0.9984,,7,,0
pKu6GJdrKOM,en,rep,0.9787,,12,,0
pL3u5ztU9kA,en,rep,0.9940,,87,,0
pQMiwYP8mq0,en,rep,0.6548,,1,,0
pSeYDrDjV48,en,rep,0.9896,,16,,0
pXg1P_wX79Q,en,rep,0.9556,,142,,0
pZ3OMf01xJs,en,rep,0.9947,,4,,0
pb85Bw9sHY0,en,exhaustive,0.7250,0.6667,24,ms,0
peYcx-xDiwg,en,rep,0.9954,,13,,0
phnXyHYku8k,en,rep,0.9888,,7,,0
pidRKmq2iGI,en,rep,0.9875,,7,,0
pk5WuA39qzc,en,rep,0.9964,,3,,0
pkSnKgRHjU8,en,rep,0.9874,,2,,0
pnmOhTbhKhc,en,rep,0.9941,,10,,0
pru-95YczT4,ur,rep,0.7948,,2,,0
psfAc33Ok94,en,rep,0.9966,,5,,0
puZZoKkv2Nk,cy,rep,0.9369,,61,,0
pzev9CB3vuM,en,rep,0.1914,,8,,0
q1NTjsXYpK0,en,rep,0.9778,,6,,0
q3kU8MyAHhE,en,rep,0.9995,,11,,0
q5uELNh_Fro,en,rep,0.9843,,46,,0
q6irtmJxniE,en,rep,0.9695,,6,,0
q7Pfap5IRMc,en,rep,0.8188,,6,,0
q7qZd-5PQec,en,rep,0.9969,,56,,0
qEHexC4KaLA,jw,rep,0.3029,,2,,0
qGl8JMXmwL0,en,rep,0.9983,,16,,0
qKnrUrYLlj0,en,rep,0.9128,,93,,0
qMroyKN05zQ,en,exhaustive,0.6569,0.7500,12,sl,0
qWd6VN9sseU,en,rep,0.8639,,8,,0
qXBgNj7d2aI,en,rep,0.9979,,3,,0
qYW_VBZoTsM,en,rep,0.3502,,1,,0
q_EJdzfnPSg,lt,rep,0.8715,,3,,0
qatNSkb_O3Y,en,rep,0.9499,,66,,0
qav1y7G15JQ,en,rep,0.9891,,81,,0
qj63Fyah8Jw,en,rep,0.7268,,11,,0
qmwgjonregk,en,rep,0.9753,,3,,0
qnboyP15mi8,en,rep,0.8479,,3,,0
qo_ZzjhbWLk,en,rep,0.9957,,43,,0
qrmmPQC6o4I,en,rep,0.9946,,46,,0
r28QlaYxRDY,en,rep,0.9595,,33,,0
r2vFxIWtQ-E,en,rep,0.9947,,127,,0
r40wnEAEozQ,en,exhaustive,0.6108,0.6667,24,ru,0
r6xt8HZy1-k,fi,rep,0.9827,,5,,0
rA2g4mWai58,en,rep,0.9983,,12,,0
rA4jmcefefQ,en,rep,0.9963,,2,,0
rAnvXFlvV3M,en,rep,0.9981,,3,,0
rEJBmcJlEy0,en,rep,0.9983,,11,,0
rFEg1iwdHBM,en,rep,0.9993,,11,,0
rFOs4b_WTYY,ko,rep,0.9577,,5,,0
rGqAwF16IOk,en,rep,0.9683,,47,,0
rHZlSM-m_Xo,fr,rep,0.9701,,5,,0
rHgcNbOwnas,en,rep,0.9966,,1,,0
rI8ccs3k0kE,en,rep,0.9757,,4,,0
rJXB9VhK1eM,en,rep,0.9990,,64,,0
rJc0Pf2B7Mg,en,rep,0.9784,,1,,0
rKvnvavLhKg,en,rep,0.9971,,3,,0
rLUoN3LY6Fk,en,rep,0.9841,,17,,0
rLnNaewOAbY,en,rep,0.9959,,11,,0
rNqiDGKZiZE,sw,rep,0.4860,,15,,0
rPa_Q-v7iPU,en,rep,0.9739,,5,,0
rRexKBeW-LY,cy,rep,0.8021,,40,,0
rS8oFARouuA,en,rep,0.9768,,10,,0
rTgVxBHEKJY,en,rep,0.9692,,5,,0
rWMEyWjaDug,en,rep,0.9838,,1,,0
rfzHohoFoZc,en,rep,0.9914,,17,,0
rhFDM4YtAjM,en,rep,0.9972,,2,,0
rjjFQ6onAJM,en,rep,0.9969,,25,,0
rjlNd5leBDY,en,rep,0.9093,,15,,0
rl4qZtDSLCs,en,rep,0.9665,,94,,0
rl6K4-2q4JI,en,rep,0.9817,,8,,0
rnzWJv_L13Y,cy,rep,0.9342,,1,,0
rqqgH8fMsOs,en,rep,0.9978,,8,,0
ruAnF4N_8y4,en,rep,0.5982,,34,,0
rw0AUfItOss,en,rep,0.8978,,10,,0
ryJxN-ZRAGk,cy,rep,0.7856,,6,,0
rztwo4iUnqo,en,rep,0.9929,,5,,0
s1QCigF6JOg,en,rep,0.6222,,81,,0
s4b9dN-X32Q,cy,rep,0.9455,,2,,0
s5eZtpsX2Uw,en,rep,0.9976,,2,,0
s6LlkCsQSq0,en,rep,0.9914,,34,,0
s9aNVQP9Bi8,en,rep,0.9939,,4,,0
sCk_3RNWdZI,en,rep,0.9994,,20,,0
sEnf_XAMuso,en,rep,0.9339,,77,,0
sGvmS07G46I,en,rep,0.9457,,92,,0
sIesHZHrHck,en,rep,0.9952,,1,,0
sKFiaAcqTMY,pt,rep,0.9525,,10,,0
sS7O_qMN_pM,en,rep,0.7747,,12,,0
sSrSorPjUvU,hi,rep,0.9560,,5,,0
sTKAL3OfgSQ,fi,rep,0.9255,,78,,0
sboMcBqlShY,en,rep,0.8119,,4,,0
sdnbXzi5yDQ,en,rep,0.9812,,70,,0
sebF4SCrhgY,en,rep,0.9926,,3,,0
sgGPHfZ6O00,en,rep,0.9982,,4,,0
sgRTFPJ1MdE,en,rep,0.9791,,18,,0
si4zS_Jx_uY,en,rep,0.9127,,1,,0
skyd1JiJiYs,nn,exhaustive,0.8670,0.8889,9,en,0
sp4yAT08rqw,en,rep,0.6002,,8,,0
sphx939ru4U,en,rep,0.8518,,6,,0
stqdcOSqbnI,en,rep,0.9042,,1,,0
suK34prc56o,eu,rep,0.9957,,1,,0
swP3fNDUD0M,en,rep,0.9893,,5,,0
sy-JNEKRe6w,en,rep,0.9745,,1,,0
t-N3In2rLI4,en,rep,0.8279,,8,,0
t1hyNFQq1Qc,en,rep,0.9980,,1,,0
t1ok0e9gTRo,en,exhaustive,0.3868,0.5000,2,ja,0
t3SPY13b64M,en,rep,0.9948,,1,,0
t43zNbKooJs,en,rep,0.9979,,8,,0
t7caALtdVBM,en,rep,0.7834,,6,,0
t7f-iQf3PRA,en,rep,0.9959,,9,,0
tC0vzGbKXWs,en,rep,0.7222,,10,,0
tCskNV4zvIA,en,rep,0.9726,,19,,0
tE9_u7slTrc,en,rep,0.9994,,51,,0
tMTZDgGaWqE,en,rep,0.9984,,4,,0
tSUX6HReL6o,en,rep,0.5412,,71,,0
tSf72G2vTU8,en,rep,0.8851,,2,,0
tUPzZFsH9NM,en,rep,0.9946,,86,,0
tXwwOXxj3Wk,en,rep,0.9858,,9,,0
tYS3l-lh39Q,en,rep,0.9902,,62,,0
tZMO74qrrJk,en,rep,0.9653,,57,,0
tZZyNqO9bQ0,en,rep,0.7857,,2,,0
tgKPxj4-0QE,en,rep,0.9962,,4,,0
tlPIi5sLOoI,en,rep,0.9357,,46,,0
tlSl7JSQ35w,en,rep,0.4128,,1,,0
tm50929wbaA,en,rep,0.9674,,36,,0
tng9I_Yfhg8,en,rep,0.8062,,41,,0
trGNjNAxMMA,en,rep,0.9992,,82,,0
tsxCu5Fom2A,en,rep,0.9975,,34,,0
tvsBIX44mQM,en,rep,0.9932,,17,,0
tygH_zAKRvc,en,rep,0.9485,,81,,0
u5eti_-WK9g,en,rep,0.9805,,1,,0
u61kdTMLJTQ,en,rep,0.9856,,8,,0
u8B3lvaw9tw,en,rep,0.9986,,65,,0
uAWBQI7PVKA,en,rep,0.9970,,13,,0
uAsqM8rL8GA,en,rep,0.8051,,64,,0
uQ2I4dZh9O4,en,rep,0.9767,,75,,0
uTUY9W-eDZk,ru,rep,0.9938,,11,,0
uxBzmTylbwg,en,rep,0.9996,,4,,0
uxQbWbWVWug,cy,rep,0.9808,,41,,0
uxy82zQnQpo,en,rep,0.8667,,8,,0
v1wFRiV9_v4,en,rep,0.9922,,26,,0
v2DjHVhnjQI,en,rep,0.9985,,2,,0
v2_u0yV5ua0,en,rep,0.9979,,26,,0
v5vIyfkumj0,en,rep,0.9973,,6,,0
v62wDFbK7iM,en,rep,0.3577,,1,,0
v7-eoymQp3o,en,rep,0.9928,,17,,0
vC-uE8RAzbo,en,rep,0.9711,,1,,0
vO87PpdQKV4,he,rep,0.9697,,10,,0
vOFoltimf5o,en,rep,0.9586,,95,,0
vT4z4TCf4uk,en,rep,0.7686,,1,,0
vXPaPV2Ii-Y,en,rep,0.9973,,39,,0
v_bumG-g0Dc,ja,rep,0.6526,,3,,0
vf4CrrsnVWs,en,rep,0.8386,,3,,0
vjjNnix_rGQ,te,rep,0.9725,,46,,0
vlddfDNoCS8,en,rep,0.9776,,4,,0
vmGW-kulgy8,te,rep,0.9407,,23,,0
vmhYHtGvqCI,en,rep,0.9980,,44,,0
vmtEmebxSwo,en,rep,0.9958,,11,,0
vt6evh25rpY,cy,rep,0.9582,,14,,0
vtBXhiKZjWk,en,rep,0.9967,,97,,0
vuHbp02YfKA,en,rep,0.9863,,5,,0
vueMpDhosM8,en,rep,0.9898,,246,,0
vviufcserks,en,rep,0.9149,,5,,0
vyUiZfxuXXk,en,rep,0.6679,,17,,0
vyrHk4_-epU,ur,rep,0.5560,,1,,0
w0ztlIAYTCU,en,rep,0.9850,,4,,0
w7zqBnrLxiw,fr,exhaustive,0.6859,0.6000,5,en,0
wAaHY_SXdgY,en,rep,0.9596,,4,,0
wB5lKhN4uoY,en,rep,0.9929,,8,,0
wFS3088FEUk,en,rep,0.9971,,2,,0
wFkig7Vh8YU,en,rep,0.9978,,68,,0
wJKn7xElol8,en,rep,0.9509,,52,,0
wN-xfvQKBgc,sl,exhaustive,0.6463,0.7500,4,cy,0
wRQGTMig_P8,en,rep,0.9995,,8,,0
wTYpjp9Bzrs,ko,rep,0.9885,,1,,0
wV7TB-8PyhU,en,rep,0.7889,,6,,0
w_Ms7re3lYU,en,rep,0.9969,,8,,0
waHHFLAet8A,es,rep,0.9749,,5,,0
wbokl5PhXEg,en,rep,0.9976,,14,,0
whbyuy2nHBg,en,rep,0.9958,,2,,0
wm9QvbgryRg,en,rep,0.9992,,5,,0
wmKPIm2HuXM,en,rep,0.9789,,43,,0
wonfEPTNA0w,en,rep,0.9949,,52,,0
wrtkQSU_Ekc,en,rep,0.9979,,43,,0
wrtrwY2caSI,en,rep,0.9559,,2,,0
wwBfqXf-1Xg,en,rep,0.9970,,2,,0
wyM-7ra8uY4,en,rep,0.8116,,76,,0
wz3TSWrZVjM,en,rep,0.9956,,39,,0
x-YG6j9ZYsY,en,rep,0.9975,,74,,0
x-ty9x6-P1o,en,rep,0.9998,,14,,0
x2Sh6TOWjkM,en,rep,0.9788,,3,,0
x8LIzP4vBrQ,en,rep,0.9904,,1,,0
x99gUDpak34,en,rep,0.5455,,89,,0
xCDQAlQfzNs,en,rep,0.9973,,42,,0
xFFs9UgOAlE,en,rep,0.9995,,26,,0
xIyfkI0jJMs,nn,exhaustive,0.6886,0.7000,10,it,0
xJUlD1q4bRw,en,rep,0.9257,,6,,0
xMhd22uQusw,en,rep,0.9310,,29,,0
xSaGl8fiiYk,en,rep,0.4695,,1,,0
xe21-4hVA20,en,rep,0.9707,,50,,0
xgpgHZ9iTMo,en,rep,0.9931,,19,,0
xjwSr2qv1cY,en,rep,0.9994,,6,,0
xkf9Gk1QuYo,hi,exhaustive,0.6535,0.5000,6,ur,0
xnLoToJVQH4,en,rep,0.9981,,8,,0
xt7bRz9dX4A,en,rep,0.9080,,5,,0
xz7Ilex4McU,en,rep,0.9975,,18,,0
y6Ge4RZsq4I,en,rep,0.9312,,2,,0
y6zsW14YDBY,en,rep,0.9782,,79,,0
yHaY_d3QQR8,en,rep,0.9975,,6,,0
yPqieOw41gc,en,rep,0.4307,,37,,0
yX5g1OHKE-E,en,exhaustive,0.5525,0.6032,63,yo,0
yXRXk5ubwW8,en,rep,0.9806,,7,,0
yc3l8Xsk4k4,en,rep,0.9945,,6,,0
yeVl67bOTD4,en,rep,0.9905,,5,,0
yjD-_z6P75s,en,rep,0.9613,,51,,0
yqCnnSfXrRg,en,rep,0.9857,,1,,0
yrqpVREbHfs,en,rep,0.9925,,4,,0
ysogiWIjy10,en,rep,0.6110,,10,,0
yu2iuSrpjHo,en,rep,0.9886,,2,,0
yu6gBfUQFNI,en,rep,0.9863,,51,,0
yuNg5JugqrE,en,rep,0.8599,,2,,0
yvGUNb80FTI,ur,exhaustive,0.5662,0.5000,10,ar,0
yxuTqbqzzpM,en,rep,0.9944,,2,,0
z-KziTO_5so,de,rep,0.9863,,15,,0
z2-YMvHXvkk,hi,rep,0.8226,,5,,0
z83CZnYt72o,en,rep,0.9966,,4,,0
z8gNQpsYIco,hi,rep,0.9763,,1,,0
zArkP0YCXw0,en,rep,0.8665,,64,,0
zF-pekRLJ3M,en,rep,0.9892,,13,,0
zJIKjeOLOFw,en,rep,0.9939,,42,,0
zJahR4BmskA,en,rep,0.9880,,79,,0
zJuuBn8mTP8,en,rep,0.9947,,5,,0
zKwgR9IBovs,tl,rep,0.7327,,8,,0
zL_d7b1bsUE,en,rep,0.9916,,22,,0
zLaE0SmZdMo,en,rep,0.9766,,6,,0
zUDEten_j9o,sn,rep,0.3826,,1,,0
zZb8HVaO4Nc,en,rep,0.5122,,28,,0
zeO8n9byqg0,en,rep,0.9974,,97,,0
zesVY6sbjoM,en,rep,0.7083,,51,,0
zhESYHHbzsc,en,rep,0.9981,,5,,0
zhI__xPhoW4,en,rep,0.8331,,23,,0
zlHe6erNcQA,en,rep,0.9933,,6,,0
zotrHY6f1-4,en,rep,0.9996,,28,,0
zqFEtAUGItg,en,rep,0.9977,,1,,0
zqVaXf-E8us,en,rep,0.7923,,3,,0
zucFlVCiV-g,en,rep,0.9789,,5,,0
zwGcVuZCM4Y,en,rep,0.9936,,19,,0
zxN1HYq4iEg,hi,rep,0.5233,,24,,0
zygTUJZ93dE,en,rep,0.9862,,24,,0
