metric,model_a,model_b,n,mean_a,mean_b,median_a,median_b,wilcoxon_stat,p_raw,rank_biserial_r,p_fdr,significant
lve,dpt,artalk,1609,0.01075331916317172,0.009166728931631337,0.0103474669158458,0.0086311353370547,134149.0,4.824873932105762e-167,0.7928592660075893,9.649747864211525e-167,True
lve,dpt,multitalk,1609,0.01075331916317172,0.012165842695605028,0.0103474669158458,0.0117726009339094,291771.0,3.014152461365845e-81,-0.5494736517029597,4.521228692048768e-81,True
lve,dpt,codetalker,1609,0.01075331916317172,0.011420714220632863,0.0103474669158458,0.0108469016849994,395328.0,9.703026322113797e-42,-0.3895703129523758,1.1643631586536557e-41,True
lve,artalk,multitalk,1609,0.009166728931631337,0.012165842695605028,0.0086311353370547,0.0117726009339094,108533.0,6.479414099596167e-184,-0.8324131727974244,3.887648459757701e-183,True
lve,artalk,codetalker,1609,0.009166728931631337,0.011420714220632863,0.0086311353370547,0.0108469016849994,131705.5,1.2865302531007715e-168,-0.7966322973645913,3.8595907593023147e-168,True
lve,multitalk,codetalker,1609,0.012165842695605028,0.011420714220632863,0.0117726009339094,0.0108469016849994,486836.0,6.359790811922911e-18,0.24827194855027426,6.359790811922911e-18,True
fdd,dpt,artalk,1609,0.00017547590769158725,0.00010033798999265063,0.0001650841441005,7.909185660537332e-05,62487.0,2.651679474832099e-216,0.9035132349478284,7.955038424496297e-216,True
fdd,dpt,multitalk,1609,0.00017547590769158725,0.00017809945171782968,0.0001650841441005,0.0001620038092369,610877.0,0.04868665956613855,0.05673907253067952,0.04868665956613855,True
fdd,dpt,codetalker,1609,0.00017547590769158725,0.0002067675321138605,0.0001650841441005,0.0001971676392713,92582.0,7.790132407345042e-195,-0.8570432620855514,1.1685198611017563e-194,True
fdd,artalk,multitalk,1609,0.00010033798999265063,0.00017809945171782968,7.909185660537332e-05,0.0001620038092369,91447.0,1.2659667464155317e-195,-0.8587958262722496,2.5319334928310634e-195,True
fdd,artalk,codetalker,1609,0.00010033798999265063,0.0002067675321138605,7.909185660537332e-05,0.0001971676392713,32246.0,5.154164947386112e-239,-0.950208647784782,3.0924989684316676e-238,True
fdd,multitalk,codetalker,1609,0.00017809945171782968,0.0002067675321138605,0.0001620038092369,0.0001971676392713,138203.0,1.8992009313378194e-164,-0.7865994464367745,2.279041117605383e-164,True
mod,dpt,artalk,1609,0.0045665708078057084,0.004357518674038774,0.0040564443916082,0.0039174854755401,508495.0,8.398365599187385e-14,0.2148280827179414,8.398365599187385e-14,True
mod,dpt,multitalk,1609,0.0045665708078057084,0.005211363071989569,0.0040564443916082,0.0046179140917956,384068.0,2.1776874330447392e-45,-0.4069569849719551,3.266531149567109e-45,True
mod,dpt,codetalker,1609,0.0045665708078057084,0.006342447212129675,0.0040564443916082,0.005706688389182,264356.0,6.071229032302414e-94,-0.5918054113314469,1.8213687096907244e-93,True
mod,artalk,multitalk,1609,0.004357518674038774,0.005211363071989569,0.0039174854755401,0.0046179140917956,347452.0,2.407985784207961e-58,-0.4634960953333153,4.815971568415922e-58,True
mod,artalk,codetalker,1609,0.004357518674038774,0.006342447212129675,0.0039174854755401,0.005706688389182,187279.0,1.1649350295310333e-134,-0.7108207327571232,6.9896101771862e-134,True
mod,multitalk,codetalker,1609,0.005211363071989569,0.006342447212129675,0.0046179140917956,0.005706688389182,418756.0,1.1853749066588407e-34,-0.3533949175638586,1.4224498879906087e-34,True
